index	block_id	loader_family	x	y	z
0	chipped:acacia_planks_panel	ctm	-86	100	-86
1	chipped:arched_black_stained_glass_pane_pillar	pane_pillar	-84	100	-86
2	chipped:arched_black_stained_glass_pillar	limited_pillar	-82	100	-86
3	chipped:arched_blue_stained_glass_pane_pillar	pane_pillar	-80	100	-86
4	chipped:arched_blue_stained_glass_pillar	limited_pillar	-78	100	-86
5	chipped:arched_brown_stained_glass_pane_pillar	pane_pillar	-76	100	-86
6	chipped:arched_brown_stained_glass_pillar	limited_pillar	-74	100	-86
7	chipped:arched_cyan_stained_glass_pane_pillar	pane_pillar	-72	100	-86
8	chipped:arched_cyan_stained_glass_pillar	limited_pillar	-70	100	-86
9	chipped:arched_gray_stained_glass_pane_pillar	pane_pillar	-68	100	-86
10	chipped:arched_gray_stained_glass_pillar	limited_pillar	-66	100	-86
11	chipped:arched_green_stained_glass_pane_pillar	pane_pillar	-64	100	-86
12	chipped:arched_green_stained_glass_pillar	limited_pillar	-62	100	-86
13	chipped:arched_leaded_glass_pane_pillar	pane_pillar	-60	100	-86
14	chipped:arched_leaded_glass_pillar	limited_pillar	-58	100	-86
15	chipped:arched_light_blue_stained_glass_pane_pillar	pane_pillar	-56	100	-86
16	chipped:arched_light_blue_stained_glass_pillar	limited_pillar	-54	100	-86
17	chipped:arched_light_gray_stained_glass_pane_pillar	pane_pillar	-52	100	-86
18	chipped:arched_light_gray_stained_glass_pillar	limited_pillar	-50	100	-86
19	chipped:arched_lime_stained_glass_pane_pillar	pane_pillar	-48	100	-86
20	chipped:arched_lime_stained_glass_pillar	limited_pillar	-46	100	-86
21	chipped:arched_magenta_stained_glass_pane_pillar	pane_pillar	-44	100	-86
22	chipped:arched_magenta_stained_glass_pillar	limited_pillar	-42	100	-86
23	chipped:arched_orange_stained_glass_pane_pillar	pane_pillar	-40	100	-86
24	chipped:arched_orange_stained_glass_pillar	limited_pillar	-38	100	-86
25	chipped:arched_pink_stained_glass_pane_pillar	pane_pillar	-36	100	-86
26	chipped:arched_pink_stained_glass_pillar	limited_pillar	-34	100	-86
27	chipped:arched_purple_stained_glass_pane_pillar	pane_pillar	-32	100	-86
28	chipped:arched_purple_stained_glass_pillar	limited_pillar	-30	100	-86
29	chipped:arched_red_stained_glass_pane_pillar	pane_pillar	-28	100	-86
30	chipped:arched_red_stained_glass_pillar	limited_pillar	-26	100	-86
31	chipped:arched_white_stained_glass_pane_pillar	pane_pillar	-24	100	-86
32	chipped:arched_white_stained_glass_pillar	limited_pillar	-22	100	-86
33	chipped:arched_yellow_stained_glass_pane_pillar	pane_pillar	-20	100	-86
34	chipped:arched_yellow_stained_glass_pillar	limited_pillar	-18	100	-86
35	chipped:bamboo_planks_panel	ctm	-16	100	-86
36	chipped:birch_planks_panel	ctm	-14	100	-86
37	chipped:black_concrete_panel	ctm	-12	100	-86
38	chipped:black_concrete_pillar	pillar	-10	100	-86
39	chipped:black_terracotta_column	pillar	-86	100	-84
40	chipped:black_terracotta_pillar	pillar	-84	100	-84
41	chipped:blue_concrete_panel	ctm	-82	100	-84
42	chipped:blue_concrete_pillar	pillar	-80	100	-84
43	chipped:blue_terracotta_column	pillar	-78	100	-84
44	chipped:blue_terracotta_pillar	pillar	-76	100	-84
45	chipped:bordered_amethyst_block	ctm	-74	100	-84
46	chipped:bordered_ancient_debris	ctm	-72	100	-84
47	chipped:bordered_andesite	ctm	-70	100	-84
48	chipped:bordered_basalt	ctm	-68	100	-84
49	chipped:bordered_blackstone	ctm	-66	100	-84
50	chipped:bordered_blue_ice	ctm	-64	100	-84
51	chipped:bordered_borderless_bricks	ctm	-62	100	-84
52	chipped:bordered_bricks	ctm	-60	100	-84
53	chipped:bordered_calcite	ctm	-58	100	-84
54	chipped:bordered_clay	ctm	-56	100	-84
55	chipped:bordered_coal_block	ctm	-54	100	-84
56	chipped:bordered_cobblestone	ctm	-52	100	-84
57	chipped:bordered_crying_obsidian	ctm	-50	100	-84
58	chipped:bordered_dark_prismarine	ctm	-48	100	-84
59	chipped:bordered_deepslate	ctm	-46	100	-84
60	chipped:bordered_diorite	ctm	-44	100	-84
61	chipped:bordered_dirt	ctm	-42	100	-84
62	chipped:bordered_dripstone_block	ctm	-40	100	-84
63	chipped:bordered_end_stone	ctm	-38	100	-84
64	chipped:bordered_gilded_blackstone	ctm	-36	100	-84
65	chipped:bordered_granite	ctm	-34	100	-84
66	chipped:bordered_ice	ctm	-32	100	-84
67	chipped:bordered_lapis_block	ctm	-30	100	-84
68	chipped:bordered_lodestone	ctm	-28	100	-84
69	chipped:bordered_magma_block	ctm	-26	100	-84
70	chipped:bordered_mossy_cobblestone	ctm	-24	100	-84
71	chipped:bordered_mossy_stone_bricks	ctm	-22	100	-84
72	chipped:bordered_mud	ctm	-20	100	-84
73	chipped:bordered_mud_bricks	ctm	-18	100	-84
74	chipped:bordered_nether_bricks	ctm	-16	100	-84
75	chipped:bordered_netherrack	ctm	-14	100	-84
76	chipped:bordered_obsidian	ctm	-12	100	-84
77	chipped:bordered_packed_ice	ctm	-10	100	-84
78	chipped:bordered_packed_mud	ctm	-86	100	-82
79	chipped:bordered_prismarine	ctm	-84	100	-82
80	chipped:bordered_purpur_block	ctm	-82	100	-82
81	chipped:bordered_quartz_block	ctm	-80	100	-82
82	chipped:bordered_raw_copper_block	ctm	-78	100	-82
83	chipped:bordered_raw_gold_block	ctm	-76	100	-82
84	chipped:bordered_raw_iron_block	ctm	-74	100	-82
85	chipped:bordered_red_nether_bricks	ctm	-72	100	-82
86	chipped:bordered_red_sandstone	ctm	-70	100	-82
87	chipped:bordered_redstone_block	ctm	-68	100	-82
88	chipped:bordered_sandstone	ctm	-66	100	-82
89	chipped:bordered_smooth_stone	ctm	-64	100	-82
90	chipped:bordered_snow_block	ctm	-62	100	-82
91	chipped:bordered_stone	ctm	-60	100	-82
92	chipped:bordered_tuff	ctm	-58	100	-82
93	chipped:brick_bordered_amethyst_block	ctm	-56	100	-82
94	chipped:brick_bordered_ancient_debris	ctm	-54	100	-82
95	chipped:brick_bordered_andesite	ctm	-52	100	-82
96	chipped:brick_bordered_basalt	ctm	-50	100	-82
97	chipped:brick_bordered_blackstone	ctm	-48	100	-82
98	chipped:brick_bordered_blue_ice	ctm	-46	100	-82
99	chipped:brick_bordered_borderless_bricks	ctm	-44	100	-82
100	chipped:brick_bordered_bricks	ctm	-42	100	-82
101	chipped:brick_bordered_calcite	ctm	-40	100	-82
102	chipped:brick_bordered_clay	ctm	-38	100	-82
103	chipped:brick_bordered_coal_block	ctm	-36	100	-82
104	chipped:brick_bordered_cobblestone	ctm	-34	100	-82
105	chipped:brick_bordered_crying_obsidian	ctm	-32	100	-82
106	chipped:brick_bordered_dark_prismarine	ctm	-30	100	-82
107	chipped:brick_bordered_deepslate	ctm	-28	100	-82
108	chipped:brick_bordered_diorite	ctm	-26	100	-82
109	chipped:brick_bordered_dirt	ctm	-24	100	-82
110	chipped:brick_bordered_dripstone_block	ctm	-22	100	-82
111	chipped:brick_bordered_end_stone	ctm	-20	100	-82
112	chipped:brick_bordered_gilded_blackstone	ctm	-18	100	-82
113	chipped:brick_bordered_granite	ctm	-16	100	-82
114	chipped:brick_bordered_ice	ctm	-14	100	-82
115	chipped:brick_bordered_lapis_block	ctm	-12	100	-82
116	chipped:brick_bordered_lodestone	ctm	-10	100	-82
117	chipped:brick_bordered_magma_block	ctm	-86	100	-80
118	chipped:brick_bordered_mossy_cobblestone	ctm	-84	100	-80
119	chipped:brick_bordered_mossy_stone_bricks	ctm	-82	100	-80
120	chipped:brick_bordered_mud	ctm	-80	100	-80
121	chipped:brick_bordered_mud_bricks	ctm	-78	100	-80
122	chipped:brick_bordered_nether_bricks	ctm	-76	100	-80
123	chipped:brick_bordered_netherrack	ctm	-74	100	-80
124	chipped:brick_bordered_obsidian	ctm	-72	100	-80
125	chipped:brick_bordered_packed_ice	ctm	-70	100	-80
126	chipped:brick_bordered_packed_mud	ctm	-68	100	-80
127	chipped:brick_bordered_prismarine	ctm	-66	100	-80
128	chipped:brick_bordered_purpur_block	ctm	-64	100	-80
129	chipped:brick_bordered_quartz_block	ctm	-62	100	-80
130	chipped:brick_bordered_raw_copper_block	ctm	-60	100	-80
131	chipped:brick_bordered_raw_gold_block	ctm	-58	100	-80
132	chipped:brick_bordered_raw_iron_block	ctm	-56	100	-80
133	chipped:brick_bordered_red_nether_bricks	ctm	-54	100	-80
134	chipped:brick_bordered_red_sandstone	ctm	-52	100	-80
135	chipped:brick_bordered_redstone_block	ctm	-50	100	-80
136	chipped:brick_bordered_sandstone	ctm	-48	100	-80
137	chipped:brick_bordered_smooth_stone	ctm	-46	100	-80
138	chipped:brick_bordered_snow_block	ctm	-44	100	-80
139	chipped:brick_bordered_stone	ctm	-42	100	-80
140	chipped:brick_bordered_tuff	ctm	-40	100	-80
141	chipped:bricked_mangrove_planks	ctm	-38	100	-80
142	chipped:brown_concrete_panel	ctm	-36	100	-80
143	chipped:brown_concrete_pillar	pillar	-34	100	-80
144	chipped:brown_terracotta_column	pillar	-32	100	-80
145	chipped:brown_terracotta_pillar	pillar	-30	100	-80
146	chipped:carved_mud_bricks_pillar	pillar	-28	100	-80
147	chipped:carved_mud_pillar	pillar	-26	100	-80
148	chipped:carved_packed_mud_pillar	pillar	-24	100	-80
149	chipped:cherry_planks_panel	ctm	-22	100	-80
150	chipped:circular_black_terracotta	giant	-20	100	-80
151	chipped:circular_blue_terracotta	giant	-18	100	-80
152	chipped:circular_brown_terracotta	giant	-16	100	-80
153	chipped:circular_cyan_terracotta	giant	-14	100	-80
154	chipped:circular_gray_terracotta	giant	-12	100	-80
155	chipped:circular_green_terracotta	giant	-10	100	-80
156	chipped:circular_light_blue_terracotta	giant	-86	100	-78
157	chipped:circular_light_gray_terracotta	giant	-84	100	-78
158	chipped:circular_lime_terracotta	giant	-82	100	-78
159	chipped:circular_magenta_terracotta	giant	-80	100	-78
160	chipped:circular_orange_terracotta	giant	-78	100	-78
161	chipped:circular_pink_terracotta	giant	-76	100	-78
162	chipped:circular_purple_terracotta	giant	-74	100	-78
163	chipped:circular_red_terracotta	giant	-72	100	-78
164	chipped:circular_terracotta	giant	-70	100	-78
165	chipped:circular_white_terracotta	giant	-68	100	-78
166	chipped:circular_yellow_terracotta	giant	-66	100	-78
167	chipped:clear_leaded_glass	ctm	-64	100	-78
168	chipped:clear_leaded_glass_pane	pane_ctm	-62	100	-78
169	chipped:cornered_acacia_planks	ctm	-60	100	-78
170	chipped:cornered_bamboo_planks	ctm	-58	100	-78
171	chipped:cornered_birch_planks	ctm	-56	100	-78
172	chipped:cornered_black_carpet	carpet_ctm	-54	100	-78
173	chipped:cornered_black_wool	ctm	-52	100	-78
174	chipped:cornered_blue_carpet	carpet_ctm	-50	100	-78
175	chipped:cornered_blue_wool	ctm	-48	100	-78
176	chipped:cornered_brown_carpet	carpet_ctm	-46	100	-78
177	chipped:cornered_brown_wool	ctm	-44	100	-78
178	chipped:cornered_cherry_planks	ctm	-42	100	-78
179	chipped:cornered_crimson_planks	ctm	-40	100	-78
180	chipped:cornered_cyan_carpet	carpet_ctm	-38	100	-78
181	chipped:cornered_cyan_wool	ctm	-36	100	-78
182	chipped:cornered_dark_oak_planks	ctm	-34	100	-78
183	chipped:cornered_gray_carpet	carpet_ctm	-32	100	-78
184	chipped:cornered_gray_wool	ctm	-30	100	-78
185	chipped:cornered_green_carpet	carpet_ctm	-28	100	-78
186	chipped:cornered_green_wool	ctm	-26	100	-78
187	chipped:cornered_jungle_planks	ctm	-24	100	-78
188	chipped:cornered_light_blue_carpet	carpet_ctm	-22	100	-78
189	chipped:cornered_light_blue_wool	ctm	-20	100	-78
190	chipped:cornered_light_gray_carpet	carpet_ctm	-18	100	-78
191	chipped:cornered_light_gray_wool	ctm	-16	100	-78
192	chipped:cornered_lime_carpet	carpet_ctm	-14	100	-78
193	chipped:cornered_lime_wool	ctm	-12	100	-78
194	chipped:cornered_magenta_carpet	carpet_ctm	-10	100	-78
195	chipped:cornered_magenta_wool	ctm	-86	100	-76
196	chipped:cornered_mangrove_planks	ctm	-84	100	-76
197	chipped:cornered_oak_planks	ctm	-82	100	-76
198	chipped:cornered_orange_carpet	carpet_ctm	-80	100	-76
199	chipped:cornered_orange_wool	ctm	-78	100	-76
200	chipped:cornered_pink_carpet	carpet_ctm	-76	100	-76
201	chipped:cornered_pink_wool	ctm	-74	100	-76
202	chipped:cornered_purple_carpet	carpet_ctm	-72	100	-76
203	chipped:cornered_purple_wool	ctm	-70	100	-76
204	chipped:cornered_red_carpet	carpet_ctm	-68	100	-76
205	chipped:cornered_red_wool	ctm	-66	100	-76
206	chipped:cornered_spruce_planks	ctm	-64	100	-76
207	chipped:cornered_warped_planks	ctm	-62	100	-76
208	chipped:cornered_white_carpet	carpet_ctm	-60	100	-76
209	chipped:cornered_white_wool	ctm	-58	100	-76
210	chipped:cornered_yellow_carpet	carpet_ctm	-56	100	-76
211	chipped:cornered_yellow_wool	ctm	-54	100	-76
212	chipped:crafted_black_carpet	carpet_ctm	-52	100	-76
213	chipped:crafted_black_wool	ctm	-50	100	-76
214	chipped:crafted_blue_carpet	carpet_ctm	-48	100	-76
215	chipped:crafted_blue_wool	ctm	-46	100	-76
216	chipped:crafted_brown_carpet	carpet_ctm	-44	100	-76
217	chipped:crafted_brown_wool	ctm	-42	100	-76
218	chipped:crafted_cyan_carpet	carpet_ctm	-40	100	-76
219	chipped:crafted_cyan_wool	ctm	-38	100	-76
220	chipped:crafted_gray_carpet	carpet_ctm	-36	100	-76
221	chipped:crafted_gray_wool	ctm	-34	100	-76
222	chipped:crafted_green_carpet	carpet_ctm	-32	100	-76
223	chipped:crafted_green_wool	ctm	-30	100	-76
224	chipped:crafted_light_blue_carpet	carpet_ctm	-28	100	-76
225	chipped:crafted_light_blue_wool	ctm	-26	100	-76
226	chipped:crafted_light_gray_carpet	carpet_ctm	-24	100	-76
227	chipped:crafted_light_gray_wool	ctm	-22	100	-76
228	chipped:crafted_lime_carpet	carpet_ctm	-20	100	-76
229	chipped:crafted_lime_wool	ctm	-18	100	-76
230	chipped:crafted_magenta_carpet	carpet_ctm	-16	100	-76
231	chipped:crafted_magenta_wool	ctm	-14	100	-76
232	chipped:crafted_orange_carpet	carpet_ctm	-12	100	-76
233	chipped:crafted_orange_wool	ctm	-10	100	-76
234	chipped:crafted_pink_carpet	carpet_ctm	-86	100	-74
235	chipped:crafted_pink_wool	ctm	-84	100	-74
236	chipped:crafted_purple_carpet	carpet_ctm	-82	100	-74
237	chipped:crafted_purple_wool	ctm	-80	100	-74
238	chipped:crafted_red_carpet	carpet_ctm	-78	100	-74
239	chipped:crafted_red_wool	ctm	-76	100	-74
240	chipped:crafted_white_carpet	carpet_ctm	-74	100	-74
241	chipped:crafted_white_wool	ctm	-72	100	-74
242	chipped:crafted_yellow_carpet	carpet_ctm	-70	100	-74
243	chipped:crafted_yellow_wool	ctm	-68	100	-74
244	chipped:crated_acacia_planks	ctm	-66	100	-74
245	chipped:crated_bamboo_planks	ctm	-64	100	-74
246	chipped:crated_birch_planks	ctm	-62	100	-74
247	chipped:crated_cherry_planks	ctm	-60	100	-74
248	chipped:crated_crimson_planks	ctm	-58	100	-74
249	chipped:crated_dark_oak_planks	ctm	-56	100	-74
250	chipped:crated_jungle_planks	ctm	-54	100	-74
251	chipped:crated_mangrove_planks	ctm	-52	100	-74
252	chipped:crated_oak_planks	ctm	-50	100	-74
253	chipped:crated_spruce_planks	ctm	-48	100	-74
254	chipped:crated_warped_planks	ctm	-46	100	-74
255	chipped:crimson_planks_panel	ctm	-44	100	-74
256	chipped:curled_black_terracotta	ctm	-42	100	-74
257	chipped:curled_blue_terracotta	ctm	-40	100	-74
258	chipped:curled_brown_terracotta	ctm	-38	100	-74
259	chipped:curled_cyan_terracotta	ctm	-36	100	-74
260	chipped:curled_gray_terracotta	ctm	-34	100	-74
261	chipped:curled_green_terracotta	ctm	-32	100	-74
262	chipped:curled_light_blue_terracotta	ctm	-30	100	-74
263	chipped:curled_light_gray_terracotta	ctm	-28	100	-74
264	chipped:curled_lime_terracotta	ctm	-26	100	-74
265	chipped:curled_magenta_terracotta	ctm	-24	100	-74
266	chipped:curled_orange_terracotta	ctm	-22	100	-74
267	chipped:curled_pink_terracotta	ctm	-20	100	-74
268	chipped:curled_purple_terracotta	ctm	-18	100	-74
269	chipped:curled_red_terracotta	ctm	-16	100	-74
270	chipped:curled_terracotta	ctm	-14	100	-74
271	chipped:curled_white_terracotta	ctm	-12	100	-74
272	chipped:curled_yellow_terracotta	ctm	-10	100	-74
273	chipped:curly_amethyst_block_pillar	pillar	-86	100	-72
274	chipped:curly_ancient_debris_pillar	pillar	-84	100	-72
275	chipped:curly_andesite_pillar	pillar	-82	100	-72
276	chipped:curly_basalt_pillar	pillar	-80	100	-72
277	chipped:curly_blackstone_pillar	pillar	-78	100	-72
278	chipped:curly_blue_ice_pillar	pillar	-76	100	-72
279	chipped:curly_borderless_bricks_pillar	pillar	-74	100	-72
280	chipped:curly_bricks_pillar	pillar	-72	100	-72
281	chipped:curly_calcite_pillar	pillar	-70	100	-72
282	chipped:curly_clay_pillar	pillar	-68	100	-72
283	chipped:curly_coal_block_pillar	pillar	-66	100	-72
284	chipped:curly_cobblestone_pillar	pillar	-64	100	-72
285	chipped:curly_crying_obsidian_pillar	pillar	-62	100	-72
286	chipped:curly_dark_prismarine_pillar	pillar	-60	100	-72
287	chipped:curly_deepslate_pillar	pillar	-58	100	-72
288	chipped:curly_diorite_pillar	pillar	-56	100	-72
289	chipped:curly_dirt_pillar	pillar	-54	100	-72
290	chipped:curly_dripstone_block_pillar	pillar	-52	100	-72
291	chipped:curly_end_stone_pillar	pillar	-50	100	-72
292	chipped:curly_gilded_blackstone_pillar	pillar	-48	100	-72
293	chipped:curly_granite_pillar	pillar	-46	100	-72
294	chipped:curly_ice_pillar	pillar	-44	100	-72
295	chipped:curly_lapis_block_pillar	pillar	-42	100	-72
296	chipped:curly_lodestone_pillar	pillar	-40	100	-72
297	chipped:curly_magma_block_pillar	pillar	-38	100	-72
298	chipped:curly_mossy_cobblestone_pillar	pillar	-36	100	-72
299	chipped:curly_mossy_stone_bricks_pillar	pillar	-34	100	-72
300	chipped:curly_mud_bricks_pillar	pillar	-32	100	-72
301	chipped:curly_mud_pillar	pillar	-30	100	-72
302	chipped:curly_nether_bricks_pillar	pillar	-28	100	-72
303	chipped:curly_netherrack_pillar	pillar	-26	100	-72
304	chipped:curly_obsidian_pillar	pillar	-24	100	-72
305	chipped:curly_packed_ice_pillar	pillar	-22	100	-72
306	chipped:curly_packed_mud_pillar	pillar	-20	100	-72
307	chipped:curly_prismarine_pillar	pillar	-18	100	-72
308	chipped:curly_purpur_block_pillar	pillar	-16	100	-72
309	chipped:curly_quartz_block_pillar	pillar	-14	100	-72
310	chipped:curly_raw_copper_block_pillar	pillar	-12	100	-72
311	chipped:curly_raw_gold_block_pillar	pillar	-10	100	-72
312	chipped:curly_raw_iron_block_pillar	pillar	-86	100	-70
313	chipped:curly_red_nether_bricks_pillar	pillar	-84	100	-70
314	chipped:curly_red_sandstone_pillar	pillar	-82	100	-70
315	chipped:curly_redstone_block_pillar	pillar	-80	100	-70
316	chipped:curly_sandstone_pillar	pillar	-78	100	-70
317	chipped:curly_smooth_stone_pillar	pillar	-76	100	-70
318	chipped:curly_snow_block_pillar	pillar	-74	100	-70
319	chipped:curly_stone_pillar	pillar	-72	100	-70
320	chipped:curly_tuff_pillar	pillar	-70	100	-70
321	chipped:cut_amethyst_block_column	ctm	-68	100	-70
322	chipped:cut_ancient_debris_column	ctm	-66	100	-70
323	chipped:cut_andesite_column	ctm	-64	100	-70
324	chipped:cut_basalt_column	ctm	-62	100	-70
325	chipped:cut_blackstone_column	ctm	-60	100	-70
326	chipped:cut_blue_ice_column	ctm	-58	100	-70
327	chipped:cut_borderless_bricks_column	ctm	-56	100	-70
328	chipped:cut_bricks_column	ctm	-54	100	-70
329	chipped:cut_calcite_column	ctm	-52	100	-70
330	chipped:cut_clay_column	ctm	-50	100	-70
331	chipped:cut_coal_block_column	ctm	-48	100	-70
332	chipped:cut_cobblestone_column	ctm	-46	100	-70
333	chipped:cut_crying_obsidian_column	ctm	-44	100	-70
334	chipped:cut_dark_prismarine_column	ctm	-42	100	-70
335	chipped:cut_deepslate_column	ctm	-40	100	-70
336	chipped:cut_diorite_column	ctm	-38	100	-70
337	chipped:cut_dirt_column	ctm	-36	100	-70
338	chipped:cut_dripstone_block_column	ctm	-34	100	-70
339	chipped:cut_end_stone_column	ctm	-32	100	-70
340	chipped:cut_gilded_blackstone_column	ctm	-30	100	-70
341	chipped:cut_granite_column	ctm	-28	100	-70
342	chipped:cut_ice_column	ctm	-26	100	-70
343	chipped:cut_lapis_block_column	ctm	-24	100	-70
344	chipped:cut_lodestone_column	ctm	-22	100	-70
345	chipped:cut_magma_block_column	ctm	-20	100	-70
346	chipped:cut_mossy_cobblestone_column	ctm	-18	100	-70
347	chipped:cut_mossy_stone_bricks_column	ctm	-16	100	-70
348	chipped:cut_nether_bricks_column	ctm	-14	100	-70
349	chipped:cut_netherrack_column	ctm	-12	100	-70
350	chipped:cut_obsidian_column	ctm	-10	100	-70
351	chipped:cut_packed_ice_column	ctm	-86	100	-68
352	chipped:cut_prismarine_column	ctm	-84	100	-68
353	chipped:cut_purpur_block_column	ctm	-82	100	-68
354	chipped:cut_quartz_block_column	ctm	-80	100	-68
355	chipped:cut_raw_copper_block_column	ctm	-78	100	-68
356	chipped:cut_raw_gold_block_column	ctm	-76	100	-68
357	chipped:cut_raw_iron_block_column	ctm	-74	100	-68
358	chipped:cut_red_nether_bricks_column	ctm	-72	100	-68
359	chipped:cut_red_sandstone_column	ctm	-70	100	-68
360	chipped:cut_redstone_block_column	ctm	-68	100	-68
361	chipped:cut_sandstone_column	ctm	-66	100	-68
362	chipped:cut_smooth_stone_column	ctm	-64	100	-68
363	chipped:cut_snow_block_column	ctm	-62	100	-68
364	chipped:cut_stone_column	ctm	-60	100	-68
365	chipped:cut_tuff_column	ctm	-58	100	-68
366	chipped:cyan_concrete_panel	ctm	-56	100	-68
367	chipped:cyan_concrete_pillar	pillar	-54	100	-68
368	chipped:cyan_terracotta_column	pillar	-52	100	-68
369	chipped:cyan_terracotta_pillar	pillar	-50	100	-68
370	chipped:dark_oak_planks_panel	ctm	-48	100	-68
371	chipped:diamond_mud_bricks	giant	-46	100	-68
372	chipped:diamond_mud_bricks_bricks	giant	-44	100	-68
373	chipped:diamond_packed_mud_bricks	giant	-42	100	-68
374	chipped:edged_amethyst_block_bricks	ctm	-40	100	-68
375	chipped:edged_ancient_debris_bricks	ctm	-38	100	-68
376	chipped:edged_andesite_bricks	ctm	-36	100	-68
377	chipped:edged_basalt_bricks	ctm	-34	100	-68
378	chipped:edged_blackstone_bricks	ctm	-32	100	-68
379	chipped:edged_blue_ice_bricks	ctm	-30	100	-68
380	chipped:edged_borderless_bricks_bricks	ctm	-28	100	-68
381	chipped:edged_bricks_bricks	ctm	-26	100	-68
382	chipped:edged_calcite_bricks	ctm	-24	100	-68
383	chipped:edged_clay_bricks	ctm	-22	100	-68
384	chipped:edged_coal_block_bricks	ctm	-20	100	-68
385	chipped:edged_cobblestone_bricks	ctm	-18	100	-68
386	chipped:edged_crying_obsidian_bricks	ctm	-16	100	-68
387	chipped:edged_dark_prismarine_bricks	ctm	-14	100	-68
388	chipped:edged_deepslate_bricks	ctm	-12	100	-68
389	chipped:edged_diorite_bricks	ctm	-10	100	-68
390	chipped:edged_dirt_bricks	ctm	-86	100	-66
391	chipped:edged_dripstone_block_bricks	ctm	-84	100	-66
392	chipped:edged_end_stone_bricks	ctm	-82	100	-66
393	chipped:edged_gilded_blackstone_bricks	ctm	-80	100	-66
394	chipped:edged_granite_bricks	ctm	-78	100	-66
395	chipped:edged_ice_bricks	ctm	-76	100	-66
396	chipped:edged_lapis_block_bricks	ctm	-74	100	-66
397	chipped:edged_lodestone_bricks	ctm	-72	100	-66
398	chipped:edged_magma_block_bricks	ctm	-70	100	-66
399	chipped:edged_mossy_cobblestone_bricks	ctm	-68	100	-66
400	chipped:edged_mossy_stone_bricks_bricks	ctm	-66	100	-66
401	chipped:edged_mud_bricks	ctm	-64	100	-66
402	chipped:edged_mud_bricks_bricks	ctm	-62	100	-66
403	chipped:edged_nether_bricks_bricks	ctm	-60	100	-66
404	chipped:edged_netherrack_bricks	ctm	-58	100	-66
405	chipped:edged_obsidian_bricks	ctm	-56	100	-66
406	chipped:edged_packed_ice_bricks	ctm	-54	100	-66
407	chipped:edged_packed_mud_bricks	ctm	-52	100	-66
408	chipped:edged_prismarine_bricks	ctm	-50	100	-66
409	chipped:edged_purpur_block_bricks	ctm	-48	100	-66
410	chipped:edged_quartz_block_bricks	ctm	-46	100	-66
411	chipped:edged_raw_copper_block_bricks	ctm	-44	100	-66
412	chipped:edged_raw_gold_block_bricks	ctm	-42	100	-66
413	chipped:edged_raw_iron_block_bricks	ctm	-40	100	-66
414	chipped:edged_red_nether_bricks_bricks	ctm	-38	100	-66
415	chipped:edged_red_sandstone_bricks	ctm	-36	100	-66
416	chipped:edged_redstone_block_bricks	ctm	-34	100	-66
417	chipped:edged_sandstone_bricks	ctm	-32	100	-66
418	chipped:edged_smooth_stone_bricks	ctm	-30	100	-66
419	chipped:edged_snow_block_bricks	ctm	-28	100	-66
420	chipped:edged_stone_bricks	ctm	-26	100	-66
421	chipped:edged_tuff_bricks	ctm	-24	100	-66
422	chipped:enclosed_acacia_planks	ctm	-22	100	-66
423	chipped:enclosed_bamboo_planks	ctm	-20	100	-66
424	chipped:enclosed_birch_planks	ctm	-18	100	-66
425	chipped:enclosed_cherry_planks	ctm	-16	100	-66
426	chipped:enclosed_crimson_planks	ctm	-14	100	-66
427	chipped:enclosed_dark_oak_planks	ctm	-12	100	-66
428	chipped:enclosed_jungle_planks	ctm	-10	100	-66
429	chipped:enclosed_mangrove_planks	ctm	-86	100	-64
430	chipped:enclosed_oak_planks	ctm	-84	100	-64
431	chipped:enclosed_spruce_planks	ctm	-82	100	-64
432	chipped:enclosed_warped_planks	ctm	-80	100	-64
433	chipped:fancy_black_stained_glass	ctm	-78	100	-64
434	chipped:fancy_black_stained_glass_pane	pane_ctm	-76	100	-64
435	chipped:fancy_blue_stained_glass	ctm	-74	100	-64
436	chipped:fancy_blue_stained_glass_pane	pane_ctm	-72	100	-64
437	chipped:fancy_brown_stained_glass	ctm	-70	100	-64
438	chipped:fancy_brown_stained_glass_pane	pane_ctm	-68	100	-64
439	chipped:fancy_cyan_stained_glass	ctm	-66	100	-64
440	chipped:fancy_cyan_stained_glass_pane	pane_ctm	-64	100	-64
441	chipped:fancy_gray_stained_glass	ctm	-62	100	-64
442	chipped:fancy_gray_stained_glass_pane	pane_ctm	-60	100	-64
443	chipped:fancy_green_stained_glass	ctm	-58	100	-64
444	chipped:fancy_green_stained_glass_pane	pane_ctm	-56	100	-64
445	chipped:fancy_light_blue_stained_glass	ctm	-54	100	-64
446	chipped:fancy_light_blue_stained_glass_pane	pane_ctm	-52	100	-64
447	chipped:fancy_light_gray_stained_glass	ctm	-50	100	-64
448	chipped:fancy_light_gray_stained_glass_pane	pane_ctm	-48	100	-64
449	chipped:fancy_lime_stained_glass	ctm	-46	100	-64
450	chipped:fancy_lime_stained_glass_pane	pane_ctm	-44	100	-64
451	chipped:fancy_magenta_stained_glass	ctm	-42	100	-64
452	chipped:fancy_magenta_stained_glass_pane	pane_ctm	-40	100	-64
453	chipped:fancy_mud_bricks_pillar	pillar	-38	100	-64
454	chipped:fancy_mud_pillar	pillar	-36	100	-64
455	chipped:fancy_orange_stained_glass	ctm	-34	100	-64
456	chipped:fancy_orange_stained_glass_pane	pane_ctm	-32	100	-64
457	chipped:fancy_packed_mud_pillar	pillar	-30	100	-64
458	chipped:fancy_pink_stained_glass	ctm	-28	100	-64
459	chipped:fancy_pink_stained_glass_pane	pane_ctm	-26	100	-64
460	chipped:fancy_purple_stained_glass	ctm	-24	100	-64
461	chipped:fancy_purple_stained_glass_pane	pane_ctm	-22	100	-64
462	chipped:fancy_red_stained_glass	ctm	-20	100	-64
463	chipped:fancy_red_stained_glass_pane	pane_ctm	-18	100	-64
464	chipped:fancy_white_stained_glass	ctm	-16	100	-64
465	chipped:fancy_white_stained_glass_pane	pane_ctm	-14	100	-64
466	chipped:fancy_yellow_stained_glass	ctm	-12	100	-64
467	chipped:fancy_yellow_stained_glass_pane	pane_ctm	-10	100	-64
468	chipped:fine_amethyst_block_pillar	pillar	-86	100	-62
469	chipped:fine_ancient_debris_pillar	pillar	-84	100	-62
470	chipped:fine_andesite_pillar	pillar	-82	100	-62
471	chipped:fine_basalt_pillar	pillar	-80	100	-62
472	chipped:fine_blackstone_pillar	pillar	-78	100	-62
473	chipped:fine_blue_ice_pillar	pillar	-76	100	-62
474	chipped:fine_borderless_bricks_pillar	pillar	-74	100	-62
475	chipped:fine_bricks_pillar	pillar	-72	100	-62
476	chipped:fine_calcite_pillar	pillar	-70	100	-62
477	chipped:fine_clay_pillar	pillar	-68	100	-62
478	chipped:fine_coal_block_pillar	pillar	-66	100	-62
479	chipped:fine_cobblestone_pillar	pillar	-64	100	-62
480	chipped:fine_crying_obsidian_pillar	pillar	-62	100	-62
481	chipped:fine_dark_prismarine_pillar	pillar	-60	100	-62
482	chipped:fine_deepslate_pillar	pillar	-58	100	-62
483	chipped:fine_diorite_pillar	pillar	-56	100	-62
484	chipped:fine_dirt_pillar	pillar	-54	100	-62
485	chipped:fine_dripstone_block_pillar	pillar	-52	100	-62
486	chipped:fine_end_stone_pillar	pillar	-50	100	-62
487	chipped:fine_gilded_blackstone_pillar	pillar	-48	100	-62
488	chipped:fine_granite_pillar	pillar	-46	100	-62
489	chipped:fine_ice_pillar	pillar	-44	100	-62
490	chipped:fine_lapis_block_pillar	pillar	-42	100	-62
491	chipped:fine_lodestone_pillar	pillar	-40	100	-62
492	chipped:fine_magma_block_pillar	pillar	-38	100	-62
493	chipped:fine_mossy_cobblestone_pillar	pillar	-36	100	-62
494	chipped:fine_mossy_stone_bricks_pillar	pillar	-34	100	-62
495	chipped:fine_mud_bricks_pillar	pillar	-32	100	-62
496	chipped:fine_mud_pillar	pillar	-30	100	-62
497	chipped:fine_nether_bricks_pillar	pillar	-28	100	-62
498	chipped:fine_netherrack_pillar	pillar	-26	100	-62
499	chipped:fine_obsidian_pillar	pillar	-24	100	-62
500	chipped:fine_packed_ice_pillar	pillar	-22	100	-62
501	chipped:fine_packed_mud_pillar	pillar	-20	100	-62
502	chipped:fine_prismarine_pillar	pillar	-18	100	-62
503	chipped:fine_purpur_block_pillar	pillar	-16	100	-62
504	chipped:fine_quartz_block_pillar	pillar	-14	100	-62
505	chipped:fine_raw_copper_block_pillar	pillar	-12	100	-62
506	chipped:fine_raw_gold_block_pillar	pillar	-10	100	-62
507	chipped:fine_raw_iron_block_pillar	pillar	-86	100	-60
508	chipped:fine_red_nether_bricks_pillar	pillar	-84	100	-60
509	chipped:fine_red_sandstone_pillar	pillar	-82	100	-60
510	chipped:fine_redstone_block_pillar	pillar	-80	100	-60
511	chipped:fine_sandstone_pillar	pillar	-78	100	-60
512	chipped:fine_smooth_stone_pillar	pillar	-76	100	-60
513	chipped:fine_snow_block_pillar	pillar	-74	100	-60
514	chipped:fine_stone_pillar	pillar	-72	100	-60
515	chipped:fine_tuff_pillar	pillar	-70	100	-60
516	chipped:framed_acacia_planks	ctm	-68	100	-60
517	chipped:framed_bamboo_planks	ctm	-66	100	-60
518	chipped:framed_birch_planks	ctm	-64	100	-60
519	chipped:framed_cherry_planks	ctm	-62	100	-60
520	chipped:framed_crimson_planks	ctm	-60	100	-60
521	chipped:framed_dark_oak_planks	ctm	-58	100	-60
522	chipped:framed_jungle_planks	ctm	-56	100	-60
523	chipped:framed_mangrove_planks	ctm	-54	100	-60
524	chipped:framed_oak_planks	ctm	-52	100	-60
525	chipped:framed_spruce_planks	ctm	-50	100	-60
526	chipped:framed_warped_planks	ctm	-48	100	-60
527	chipped:granite_prismarine	ctm	-46	100	-60
528	chipped:gray_concrete_panel	ctm	-44	100	-60
529	chipped:gray_concrete_pillar	pillar	-42	100	-60
530	chipped:gray_terracotta_column	pillar	-40	100	-60
531	chipped:gray_terracotta_pillar	pillar	-38	100	-60
532	chipped:green_concrete_panel	ctm	-36	100	-60
533	chipped:green_concrete_pillar	pillar	-34	100	-60
534	chipped:green_terracotta_column	pillar	-32	100	-60
535	chipped:green_terracotta_pillar	pillar	-30	100	-60
536	chipped:grill_black_concrete	ctm	-28	100	-60
537	chipped:grill_blue_concrete	ctm	-26	100	-60
538	chipped:grill_brown_concrete	ctm	-24	100	-60
539	chipped:grill_cyan_concrete	ctm	-22	100	-60
540	chipped:grill_gray_concrete	ctm	-20	100	-60
541	chipped:grill_green_concrete	ctm	-18	100	-60
542	chipped:grill_light_blue_concrete	ctm	-16	100	-60
543	chipped:grill_light_gray_concrete	ctm	-14	100	-60
544	chipped:grill_lime_concrete	ctm	-12	100	-60
545	chipped:grill_magenta_concrete	ctm	-10	100	-60
546	chipped:grill_orange_concrete	ctm	-86	100	-58
547	chipped:grill_pink_concrete	ctm	-84	100	-58
548	chipped:grill_purple_concrete	ctm	-82	100	-58
549	chipped:grill_red_concrete	ctm	-80	100	-58
550	chipped:grill_white_concrete	ctm	-78	100	-58
551	chipped:grill_yellow_concrete	ctm	-76	100	-58
552	chipped:hard_mud	ctm	-74	100	-58
553	chipped:hard_mud_bricks	ctm	-72	100	-58
554	chipped:hard_packed_mud	ctm	-70	100	-58
555	chipped:harsh_quilted_black_carpet	carpet_ctm	-68	100	-58
556	chipped:harsh_quilted_black_wool	ctm	-66	100	-58
557	chipped:harsh_quilted_blue_carpet	carpet_ctm	-64	100	-58
558	chipped:harsh_quilted_blue_wool	ctm	-62	100	-58
559	chipped:harsh_quilted_brown_carpet	carpet_ctm	-60	100	-58
560	chipped:harsh_quilted_brown_wool	ctm	-58	100	-58
561	chipped:harsh_quilted_cyan_carpet	carpet_ctm	-56	100	-58
562	chipped:harsh_quilted_cyan_wool	ctm	-54	100	-58
563	chipped:harsh_quilted_gray_carpet	carpet_ctm	-52	100	-58
564	chipped:harsh_quilted_gray_wool	ctm	-50	100	-58
565	chipped:harsh_quilted_green_carpet	carpet_ctm	-48	100	-58
566	chipped:harsh_quilted_green_wool	ctm	-46	100	-58
567	chipped:harsh_quilted_light_blue_carpet	carpet_ctm	-44	100	-58
568	chipped:harsh_quilted_light_blue_wool	ctm	-42	100	-58
569	chipped:harsh_quilted_light_gray_carpet	carpet_ctm	-40	100	-58
570	chipped:harsh_quilted_light_gray_wool	ctm	-38	100	-58
571	chipped:harsh_quilted_lime_carpet	carpet_ctm	-36	100	-58
572	chipped:harsh_quilted_lime_wool	ctm	-34	100	-58
573	chipped:harsh_quilted_magenta_carpet	carpet_ctm	-32	100	-58
574	chipped:harsh_quilted_magenta_wool	ctm	-30	100	-58
575	chipped:harsh_quilted_orange_carpet	carpet_ctm	-28	100	-58
576	chipped:harsh_quilted_orange_wool	ctm	-26	100	-58
577	chipped:harsh_quilted_pink_carpet	carpet_ctm	-24	100	-58
578	chipped:harsh_quilted_pink_wool	ctm	-22	100	-58
579	chipped:harsh_quilted_purple_carpet	carpet_ctm	-20	100	-58
580	chipped:harsh_quilted_purple_wool	ctm	-18	100	-58
581	chipped:harsh_quilted_red_carpet	carpet_ctm	-16	100	-58
582	chipped:harsh_quilted_red_wool	ctm	-14	100	-58
583	chipped:harsh_quilted_white_carpet	carpet_ctm	-12	100	-58
584	chipped:harsh_quilted_white_wool	ctm	-10	100	-58
585	chipped:harsh_quilted_yellow_carpet	carpet_ctm	-86	100	-56
586	chipped:harsh_quilted_yellow_wool	ctm	-84	100	-56
587	chipped:hexagonical_black_terracotta	ctm	-82	100	-56
588	chipped:hexagonical_blue_terracotta	ctm	-80	100	-56
589	chipped:hexagonical_brown_terracotta	ctm	-78	100	-56
590	chipped:hexagonical_cyan_terracotta	ctm	-76	100	-56
591	chipped:hexagonical_gray_terracotta	ctm	-74	100	-56
592	chipped:hexagonical_green_terracotta	ctm	-72	100	-56
593	chipped:hexagonical_light_blue_terracotta	ctm	-70	100	-56
594	chipped:hexagonical_light_gray_terracotta	ctm	-68	100	-56
595	chipped:hexagonical_lime_terracotta	ctm	-66	100	-56
596	chipped:hexagonical_magenta_terracotta	ctm	-64	100	-56
597	chipped:hexagonical_orange_terracotta	ctm	-62	100	-56
598	chipped:hexagonical_pink_terracotta	ctm	-60	100	-56
599	chipped:hexagonical_purple_terracotta	ctm	-58	100	-56
600	chipped:hexagonical_red_terracotta	ctm	-56	100	-56
601	chipped:hexagonical_terracotta	ctm	-54	100	-56
602	chipped:hexagonical_white_terracotta	ctm	-52	100	-56
603	chipped:hexagonical_yellow_terracotta	ctm	-50	100	-56
604	chipped:inscribed_black_terracotta	giant	-48	100	-56
605	chipped:inscribed_blue_terracotta	giant	-46	100	-56
606	chipped:inscribed_brown_terracotta	giant	-44	100	-56
607	chipped:inscribed_cyan_terracotta	giant	-42	100	-56
608	chipped:inscribed_gray_terracotta	giant	-40	100	-56
609	chipped:inscribed_green_terracotta	giant	-38	100	-56
610	chipped:inscribed_light_blue_terracotta	giant	-36	100	-56
611	chipped:inscribed_light_gray_terracotta	giant	-34	100	-56
612	chipped:inscribed_lime_terracotta	giant	-32	100	-56
613	chipped:inscribed_magenta_terracotta	giant	-30	100	-56
614	chipped:inscribed_orange_terracotta	giant	-28	100	-56
615	chipped:inscribed_pink_terracotta	giant	-26	100	-56
616	chipped:inscribed_purple_terracotta	giant	-24	100	-56
617	chipped:inscribed_red_terracotta	giant	-22	100	-56
618	chipped:inscribed_terracotta	giant	-20	100	-56
619	chipped:inscribed_white_terracotta	giant	-18	100	-56
620	chipped:inscribed_yellow_terracotta	giant	-16	100	-56
621	chipped:jungle_planks_panel	ctm	-14	100	-56
622	chipped:large_mud_bricks_sigil	giant	-12	100	-56
623	chipped:large_mud_sigil	giant	-10	100	-56
624	chipped:large_packed_mud_sigil	giant	-86	100	-54
625	chipped:light_blue_concrete_panel	ctm	-84	100	-54
626	chipped:light_blue_concrete_pillar	pillar	-82	100	-54
627	chipped:light_blue_terracotta_column	pillar	-80	100	-54
628	chipped:light_blue_terracotta_pillar	pillar	-78	100	-54
629	chipped:light_gray_concrete_panel	ctm	-76	100	-54
630	chipped:light_gray_concrete_pillar	pillar	-74	100	-54
631	chipped:light_gray_terracotta_column	pillar	-72	100	-54
632	chipped:light_gray_terracotta_pillar	pillar	-70	100	-54
633	chipped:lime_concrete_panel	ctm	-68	100	-54
634	chipped:lime_concrete_pillar	pillar	-66	100	-54
635	chipped:lime_terracotta_column	pillar	-64	100	-54
636	chipped:lime_terracotta_pillar	pillar	-62	100	-54
637	chipped:loreful_mud	giant	-60	100	-54
638	chipped:loreful_mud_bricks	giant	-58	100	-54
639	chipped:loreful_packed_mud	giant	-56	100	-54
640	chipped:magenta_concrete_panel	ctm	-54	100	-54
641	chipped:magenta_concrete_pillar	pillar	-52	100	-54
642	chipped:magenta_terracotta_column	pillar	-50	100	-54
643	chipped:magenta_terracotta_pillar	pillar	-48	100	-54
644	chipped:mangrove_planks_panel	ctm	-46	100	-54
645	chipped:massive_amethyst_block_bricks	giant	-44	100	-54
646	chipped:massive_ancient_debris_bricks	giant	-42	100	-54
647	chipped:massive_andesite_bricks	giant	-40	100	-54
648	chipped:massive_basalt_bricks	giant	-38	100	-54
649	chipped:massive_blackstone_bricks	giant	-36	100	-54
650	chipped:massive_blue_ice_bricks	giant	-34	100	-54
651	chipped:massive_borderless_bricks_bricks	giant	-32	100	-54
652	chipped:massive_bricks_bricks	giant	-30	100	-54
653	chipped:massive_calcite_bricks	giant	-28	100	-54
654	chipped:massive_clay_bricks	giant	-26	100	-54
655	chipped:massive_coal_block_bricks	giant	-24	100	-54
656	chipped:massive_cobblestone_bricks	giant	-22	100	-54
657	chipped:massive_crying_obsidian_bricks	giant	-20	100	-54
658	chipped:massive_dark_prismarine_bricks	giant	-18	100	-54
659	chipped:massive_deepslate_bricks	giant	-16	100	-54
660	chipped:massive_diorite_bricks	giant	-14	100	-54
661	chipped:massive_dirt_bricks	giant	-12	100	-54
662	chipped:massive_dripstone_block_bricks	giant	-10	100	-54
663	chipped:massive_end_stone_bricks	giant	-86	100	-52
664	chipped:massive_gilded_blackstone_bricks	giant	-84	100	-52
665	chipped:massive_granite_bricks	giant	-82	100	-52
666	chipped:massive_ice_bricks	giant	-80	100	-52
667	chipped:massive_lapis_block_bricks	giant	-78	100	-52
668	chipped:massive_lodestone_bricks	giant	-76	100	-52
669	chipped:massive_magma_block_bricks	giant	-74	100	-52
670	chipped:massive_mossy_cobblestone_bricks	giant	-72	100	-52
671	chipped:massive_mossy_stone_bricks_bricks	giant	-70	100	-52
672	chipped:massive_mud_bricks	giant	-68	100	-52
673	chipped:massive_mud_bricks_bricks	giant	-66	100	-52
674	chipped:massive_nether_bricks_bricks	giant	-64	100	-52
675	chipped:massive_netherrack_bricks	giant	-62	100	-52
676	chipped:massive_obsidian_bricks	giant	-60	100	-52
677	chipped:massive_packed_ice_bricks	giant	-58	100	-52
678	chipped:massive_packed_mud_bricks	giant	-56	100	-52
679	chipped:massive_prismarine_bricks	giant	-54	100	-52
680	chipped:massive_purpur_block_bricks	giant	-52	100	-52
681	chipped:massive_quartz_block_bricks	giant	-50	100	-52
682	chipped:massive_raw_copper_block_bricks	giant	-48	100	-52
683	chipped:massive_raw_gold_block_bricks	giant	-46	100	-52
684	chipped:massive_raw_iron_block_bricks	giant	-44	100	-52
685	chipped:massive_red_nether_bricks_bricks	giant	-42	100	-52
686	chipped:massive_red_sandstone_bricks	giant	-40	100	-52
687	chipped:massive_redstone_block_bricks	giant	-38	100	-52
688	chipped:massive_sandstone_bricks	giant	-36	100	-52
689	chipped:massive_smooth_stone_bricks	giant	-34	100	-52
690	chipped:massive_snow_block_bricks	giant	-32	100	-52
691	chipped:massive_stone_bricks	giant	-30	100	-52
692	chipped:massive_tuff_bricks	giant	-28	100	-52
693	chipped:natural_acacia_planks	ctm	-26	100	-52
694	chipped:natural_bamboo_planks	ctm	-24	100	-52
695	chipped:natural_birch_planks	ctm	-22	100	-52
696	chipped:natural_cherry_planks	ctm	-20	100	-52
697	chipped:natural_crimson_planks	ctm	-18	100	-52
698	chipped:natural_dark_oak_planks	ctm	-16	100	-52
699	chipped:natural_jungle_planks	ctm	-14	100	-52
700	chipped:natural_mangrove_planks	ctm	-12	100	-52
701	chipped:natural_oak_planks	ctm	-10	100	-52
702	chipped:natural_spruce_planks	ctm	-86	100	-50
703	chipped:natural_warped_planks	ctm	-84	100	-50
704	chipped:oak_bared_glass	ctm	-82	100	-50
705	chipped:oak_bared_glass_pane	pane_ctm	-80	100	-50
706	chipped:oak_bordered_glass	ctm	-78	100	-50
707	chipped:oak_bordered_glass_pane	pane_ctm	-76	100	-50
708	chipped:oak_diamond_bordered_glass	ctm	-74	100	-50
709	chipped:oak_diamond_bordered_glass_pane	pane_ctm	-72	100	-50
710	chipped:oak_horizontal_lined_glass	ctm	-70	100	-50
711	chipped:oak_horizontal_lined_glass_pane	pane_ctm	-68	100	-50
712	chipped:oak_large_diamond_glass	ctm	-66	100	-50
713	chipped:oak_large_diamond_glass_pane	pane_ctm	-64	100	-50
714	chipped:oak_line_bared_glass	ctm	-62	100	-50
715	chipped:oak_line_bared_glass_pane	pane_ctm	-60	100	-50
716	chipped:oak_ornate_bared_glass	ctm	-58	100	-50
717	chipped:oak_ornate_bared_glass_pane	pane_ctm	-56	100	-50
718	chipped:oak_planks_panel	ctm	-54	100	-50
719	chipped:oak_woven_glass	ctm	-52	100	-50
720	chipped:oak_woven_glass_pane	pane_ctm	-50	100	-50
721	chipped:orange_concrete_panel	ctm	-48	100	-50
722	chipped:orange_concrete_pillar	pillar	-46	100	-50
723	chipped:orange_terracotta_column	pillar	-44	100	-50
724	chipped:orange_terracotta_pillar	pillar	-42	100	-50
725	chipped:ornate_amethyst_block_pillar	pillar	-40	100	-50
726	chipped:ornate_ancient_debris_pillar	pillar	-38	100	-50
727	chipped:ornate_andesite_pillar	pillar	-36	100	-50
728	chipped:ornate_basalt_pillar	pillar	-34	100	-50
729	chipped:ornate_black_stained_glass	ctm	-32	100	-50
730	chipped:ornate_black_stained_glass_pane	pane_ctm	-30	100	-50
731	chipped:ornate_blackstone_pillar	pillar	-28	100	-50
732	chipped:ornate_blue_ice_pillar	pillar	-26	100	-50
733	chipped:ornate_blue_stained_glass	ctm	-24	100	-50
734	chipped:ornate_blue_stained_glass_pane	pane_ctm	-22	100	-50
735	chipped:ornate_borderless_bricks_pillar	pillar	-20	100	-50
736	chipped:ornate_bricks_pillar	pillar	-18	100	-50
737	chipped:ornate_brown_stained_glass	ctm	-16	100	-50
738	chipped:ornate_brown_stained_glass_pane	pane_ctm	-14	100	-50
739	chipped:ornate_calcite_pillar	pillar	-12	100	-50
740	chipped:ornate_clay_pillar	pillar	-10	100	-50
741	chipped:ornate_coal_block_pillar	pillar	-86	100	-48
742	chipped:ornate_cobblestone_pillar	pillar	-84	100	-48
743	chipped:ornate_crying_obsidian_pillar	pillar	-82	100	-48
744	chipped:ornate_cyan_stained_glass	ctm	-80	100	-48
745	chipped:ornate_cyan_stained_glass_pane	pane_ctm	-78	100	-48
746	chipped:ornate_dark_prismarine_pillar	pillar	-76	100	-48
747	chipped:ornate_deepslate_pillar	pillar	-74	100	-48
748	chipped:ornate_diorite_pillar	pillar	-72	100	-48
749	chipped:ornate_dirt_pillar	pillar	-70	100	-48
750	chipped:ornate_dripstone_block_pillar	pillar	-68	100	-48
751	chipped:ornate_end_stone_pillar	pillar	-66	100	-48
752	chipped:ornate_gilded_blackstone_pillar	pillar	-64	100	-48
753	chipped:ornate_granite_pillar	pillar	-62	100	-48
754	chipped:ornate_gray_stained_glass	ctm	-60	100	-48
755	chipped:ornate_gray_stained_glass_pane	pane_ctm	-58	100	-48
756	chipped:ornate_green_stained_glass	ctm	-56	100	-48
757	chipped:ornate_green_stained_glass_pane	pane_ctm	-54	100	-48
758	chipped:ornate_ice_pillar	pillar	-52	100	-48
759	chipped:ornate_lapis_block_pillar	pillar	-50	100	-48
760	chipped:ornate_leaded_glass	ctm	-48	100	-48
761	chipped:ornate_leaded_glass_pane	pane_ctm	-46	100	-48
762	chipped:ornate_light_blue_stained_glass	ctm	-44	100	-48
763	chipped:ornate_light_blue_stained_glass_pane	pane_ctm	-42	100	-48
764	chipped:ornate_light_gray_stained_glass	ctm	-40	100	-48
765	chipped:ornate_light_gray_stained_glass_pane	pane_ctm	-38	100	-48
766	chipped:ornate_lime_stained_glass	ctm	-36	100	-48
767	chipped:ornate_lime_stained_glass_pane	pane_ctm	-34	100	-48
768	chipped:ornate_lodestone_pillar	pillar	-32	100	-48
769	chipped:ornate_magenta_stained_glass	ctm	-30	100	-48
770	chipped:ornate_magenta_stained_glass_pane	pane_ctm	-28	100	-48
771	chipped:ornate_magma_block_pillar	pillar	-26	100	-48
772	chipped:ornate_mossy_cobblestone_pillar	pillar	-24	100	-48
773	chipped:ornate_mossy_stone_bricks_pillar	pillar	-22	100	-48
774	chipped:ornate_mud_bricks_pillar	pillar	-20	100	-48
775	chipped:ornate_mud_pillar	pillar	-18	100	-48
776	chipped:ornate_nether_bricks_pillar	pillar	-16	100	-48
777	chipped:ornate_netherrack_pillar	pillar	-14	100	-48
778	chipped:ornate_obsidian_pillar	pillar	-12	100	-48
779	chipped:ornate_orange_stained_glass	ctm	-10	100	-48
780	chipped:ornate_orange_stained_glass_pane	pane_ctm	-86	100	-46
781	chipped:ornate_packed_ice_pillar	pillar	-84	100	-46
782	chipped:ornate_packed_mud_pillar	pillar	-82	100	-46
783	chipped:ornate_pink_stained_glass	ctm	-80	100	-46
784	chipped:ornate_pink_stained_glass_pane	pane_ctm	-78	100	-46
785	chipped:ornate_prismarine_pillar	pillar	-76	100	-46
786	chipped:ornate_purple_stained_glass	ctm	-74	100	-46
787	chipped:ornate_purple_stained_glass_pane	pane_ctm	-72	100	-46
788	chipped:ornate_purpur_block_pillar	pillar	-70	100	-46
789	chipped:ornate_quartz_block_pillar	pillar	-68	100	-46
790	chipped:ornate_raw_copper_block_pillar	pillar	-66	100	-46
791	chipped:ornate_raw_gold_block_pillar	pillar	-64	100	-46
792	chipped:ornate_raw_iron_block_pillar	pillar	-62	100	-46
793	chipped:ornate_red_nether_bricks_pillar	pillar	-60	100	-46
794	chipped:ornate_red_sandstone_pillar	pillar	-58	100	-46
795	chipped:ornate_red_stained_glass	ctm	-56	100	-46
796	chipped:ornate_red_stained_glass_pane	pane_ctm	-54	100	-46
797	chipped:ornate_redstone_block_pillar	pillar	-52	100	-46
798	chipped:ornate_sandstone_pillar	pillar	-50	100	-46
799	chipped:ornate_smooth_stone_pillar	pillar	-48	100	-46
800	chipped:ornate_snow_block_pillar	pillar	-46	100	-46
801	chipped:ornate_stone_pillar	pillar	-44	100	-46
802	chipped:ornate_tuff_pillar	pillar	-42	100	-46
803	chipped:ornate_white_stained_glass	ctm	-40	100	-46
804	chipped:ornate_white_stained_glass_pane	pane_ctm	-38	100	-46
805	chipped:ornate_yellow_stained_glass	ctm	-36	100	-46
806	chipped:ornate_yellow_stained_glass_pane	pane_ctm	-34	100	-46
807	chipped:overlapping_amethyst_block_tiles	ctm	-32	100	-46
808	chipped:overlapping_ancient_debris_tiles	ctm	-30	100	-46
809	chipped:overlapping_andesite_tiles	ctm	-28	100	-46
810	chipped:overlapping_basalt_tiles	ctm	-26	100	-46
811	chipped:overlapping_blackstone_tiles	ctm	-24	100	-46
812	chipped:overlapping_blue_ice_tiles	ctm	-22	100	-46
813	chipped:overlapping_borderless_bricks_tiles	ctm	-20	100	-46
814	chipped:overlapping_bricks_tiles	ctm	-18	100	-46
815	chipped:overlapping_calcite_tiles	ctm	-16	100	-46
816	chipped:overlapping_clay_tiles	ctm	-14	100	-46
817	chipped:overlapping_coal_block_tiles	ctm	-12	100	-46
818	chipped:overlapping_cobblestone_tiles	ctm	-10	100	-46
819	chipped:overlapping_crying_obsidian_tiles	ctm	-86	100	-44
820	chipped:overlapping_dark_prismarine_tiles	ctm	-84	100	-44
821	chipped:overlapping_deepslate_tiles	ctm	-82	100	-44
822	chipped:overlapping_diorite_tiles	ctm	-80	100	-44
823	chipped:overlapping_dirt_tiles	ctm	-78	100	-44
824	chipped:overlapping_dripstone_block_tiles	ctm	-76	100	-44
825	chipped:overlapping_end_stone_tiles	ctm	-74	100	-44
826	chipped:overlapping_gilded_blackstone_tiles	ctm	-72	100	-44
827	chipped:overlapping_granite_tiles	ctm	-70	100	-44
828	chipped:overlapping_ice_tiles	ctm	-68	100	-44
829	chipped:overlapping_lapis_block_tiles	ctm	-66	100	-44
830	chipped:overlapping_lodestone_tiles	ctm	-64	100	-44
831	chipped:overlapping_magma_block_tiles	ctm	-62	100	-44
832	chipped:overlapping_mossy_cobblestone_tiles	ctm	-60	100	-44
833	chipped:overlapping_mossy_stone_bricks_tiles	ctm	-58	100	-44
834	chipped:overlapping_mud_bricks_tiles	ctm	-56	100	-44
835	chipped:overlapping_mud_tiles	ctm	-54	100	-44
836	chipped:overlapping_nether_bricks_tiles	ctm	-52	100	-44
837	chipped:overlapping_netherrack_tiles	ctm	-50	100	-44
838	chipped:overlapping_obsidian_tiles	ctm	-48	100	-44
839	chipped:overlapping_packed_ice_tiles	ctm	-46	100	-44
840	chipped:overlapping_packed_mud_tiles	ctm	-44	100	-44
841	chipped:overlapping_prismarine_tiles	ctm	-42	100	-44
842	chipped:overlapping_purpur_block_tiles	ctm	-40	100	-44
843	chipped:overlapping_quartz_block_tiles	ctm	-38	100	-44
844	chipped:overlapping_raw_copper_block_tiles	ctm	-36	100	-44
845	chipped:overlapping_raw_gold_block_tiles	ctm	-34	100	-44
846	chipped:overlapping_raw_iron_block_tiles	ctm	-32	100	-44
847	chipped:overlapping_red_nether_bricks_tiles	ctm	-30	100	-44
848	chipped:overlapping_red_sandstone_tiles	ctm	-28	100	-44
849	chipped:overlapping_redstone_block_tiles	ctm	-26	100	-44
850	chipped:overlapping_sandstone_tiles	ctm	-24	100	-44
851	chipped:overlapping_smooth_stone_tiles	ctm	-22	100	-44
852	chipped:overlapping_snow_block_tiles	ctm	-20	100	-44
853	chipped:overlapping_stone_tiles	ctm	-18	100	-44
854	chipped:overlapping_tuff_tiles	ctm	-16	100	-44
855	chipped:pegged_acacia_planks	ctm	-14	100	-44
856	chipped:pegged_birch_planks	ctm	-12	100	-44
857	chipped:pegged_black_concrete	ctm	-10	100	-44
858	chipped:pegged_blue_concrete	ctm	-86	100	-42
859	chipped:pegged_brown_concrete	ctm	-84	100	-42
860	chipped:pegged_cherry_planks	ctm	-82	100	-42
861	chipped:pegged_crimson_planks	ctm	-80	100	-42
862	chipped:pegged_cyan_concrete	ctm	-78	100	-42
863	chipped:pegged_dark_oak_planks	ctm	-76	100	-42
864	chipped:pegged_gray_concrete	ctm	-74	100	-42
865	chipped:pegged_green_concrete	ctm	-72	100	-42
866	chipped:pegged_jungle_planks	ctm	-70	100	-42
867	chipped:pegged_light_blue_concrete	ctm	-68	100	-42
868	chipped:pegged_light_gray_concrete	ctm	-66	100	-42
869	chipped:pegged_lime_concrete	ctm	-64	100	-42
870	chipped:pegged_magenta_concrete	ctm	-62	100	-42
871	chipped:pegged_mangrove_planks	ctm	-60	100	-42
872	chipped:pegged_oak_planks	ctm	-58	100	-42
873	chipped:pegged_orange_concrete	ctm	-56	100	-42
874	chipped:pegged_pink_concrete	ctm	-54	100	-42
875	chipped:pegged_purple_concrete	ctm	-52	100	-42
876	chipped:pegged_red_concrete	ctm	-50	100	-42
877	chipped:pegged_spruce_planks	ctm	-48	100	-42
878	chipped:pegged_warped_planks	ctm	-46	100	-42
879	chipped:pegged_white_concrete	ctm	-44	100	-42
880	chipped:pegged_yellow_concrete	ctm	-42	100	-42
881	chipped:pink_concrete_panel	ctm	-40	100	-42
882	chipped:pink_concrete_pillar	pillar	-38	100	-42
883	chipped:pink_terracotta_column	pillar	-36	100	-42
884	chipped:pink_terracotta_pillar	pillar	-34	100	-42
885	chipped:polished_amethyst_block	ctm	-32	100	-42
886	chipped:polished_ancient_debris	ctm	-30	100	-42
887	chipped:polished_andesite	ctm	-28	100	-42
888	chipped:polished_basalt	ctm	-26	100	-42
889	chipped:polished_blackstone	ctm	-24	100	-42
890	chipped:polished_blue_ice	ctm	-22	100	-42
891	chipped:polished_borderless_bricks	ctm	-20	100	-42
892	chipped:polished_bricks	ctm	-18	100	-42
893	chipped:polished_calcite	ctm	-16	100	-42
894	chipped:polished_clay	ctm	-14	100	-42
895	chipped:polished_coal_block	ctm	-12	100	-42
896	chipped:polished_cobblestone	ctm	-10	100	-42
897	chipped:polished_crying_obsidian	ctm	-86	100	-40
898	chipped:polished_dark_prismarine	ctm	-84	100	-40
899	chipped:polished_deepslate	ctm	-82	100	-40
900	chipped:polished_diorite	ctm	-80	100	-40
901	chipped:polished_dirt	ctm	-78	100	-40
902	chipped:polished_dripstone_block	ctm	-76	100	-40
903	chipped:polished_end_stone	ctm	-74	100	-40
904	chipped:polished_gilded_blackstone	ctm	-72	100	-40
905	chipped:polished_granite	ctm	-70	100	-40
906	chipped:polished_ice	ctm	-68	100	-40
907	chipped:polished_lapis_block	ctm	-66	100	-40
908	chipped:polished_lodestone	ctm	-64	100	-40
909	chipped:polished_magma_block	ctm	-62	100	-40
910	chipped:polished_mossy_cobblestone	ctm	-60	100	-40
911	chipped:polished_mossy_stone_bricks	ctm	-58	100	-40
912	chipped:polished_nether_bricks	ctm	-56	100	-40
913	chipped:polished_netherrack	ctm	-54	100	-40
914	chipped:polished_obsidian	ctm	-52	100	-40
915	chipped:polished_packed_ice	ctm	-50	100	-40
916	chipped:polished_prismarine	ctm	-48	100	-40
917	chipped:polished_purpur_block	ctm	-46	100	-40
918	chipped:polished_quartz_block	ctm	-44	100	-40
919	chipped:polished_raw_copper_block	ctm	-42	100	-40
920	chipped:polished_raw_gold_block	ctm	-40	100	-40
921	chipped:polished_raw_iron_block	ctm	-38	100	-40
922	chipped:polished_red_nether_bricks	ctm	-36	100	-40
923	chipped:polished_red_sandstone	ctm	-34	100	-40
924	chipped:polished_redstone_block	ctm	-32	100	-40
925	chipped:polished_sandstone	ctm	-30	100	-40
926	chipped:polished_smooth_stone	ctm	-28	100	-40
927	chipped:polished_snow_block	ctm	-26	100	-40
928	chipped:polished_stone	ctm	-24	100	-40
929	chipped:polished_tuff	ctm	-22	100	-40
930	chipped:purple_concrete_panel	ctm	-20	100	-40
931	chipped:purple_concrete_pillar	pillar	-18	100	-40
932	chipped:purple_terracotta_column	pillar	-16	100	-40
933	chipped:purple_terracotta_pillar	pillar	-14	100	-40
934	chipped:raster_black_stained_glass	ctm	-12	100	-40
935	chipped:raster_black_stained_glass_pane	pane_ctm	-10	100	-40
936	chipped:raster_blue_stained_glass	ctm	-86	100	-38
937	chipped:raster_blue_stained_glass_pane	pane_ctm	-84	100	-38
938	chipped:raster_brown_stained_glass	ctm	-82	100	-38
939	chipped:raster_brown_stained_glass_pane	pane_ctm	-80	100	-38
940	chipped:raster_cyan_stained_glass	ctm	-78	100	-38
941	chipped:raster_cyan_stained_glass_pane	pane_ctm	-76	100	-38
942	chipped:raster_gray_stained_glass	ctm	-74	100	-38
943	chipped:raster_gray_stained_glass_pane	pane_ctm	-72	100	-38
944	chipped:raster_green_stained_glass	ctm	-70	100	-38
945	chipped:raster_green_stained_glass_pane	pane_ctm	-68	100	-38
946	chipped:raster_leaded_glass	ctm	-66	100	-38
947	chipped:raster_leaded_glass_pane	pane_ctm	-64	100	-38
948	chipped:raster_light_blue_stained_glass	ctm	-62	100	-38
949	chipped:raster_light_blue_stained_glass_pane	pane_ctm	-60	100	-38
950	chipped:raster_light_gray_stained_glass	ctm	-58	100	-38
951	chipped:raster_light_gray_stained_glass_pane	pane_ctm	-56	100	-38
952	chipped:raster_lime_stained_glass	ctm	-54	100	-38
953	chipped:raster_lime_stained_glass_pane	pane_ctm	-52	100	-38
954	chipped:raster_magenta_stained_glass	ctm	-50	100	-38
955	chipped:raster_magenta_stained_glass_pane	pane_ctm	-48	100	-38
956	chipped:raster_orange_stained_glass	ctm	-46	100	-38
957	chipped:raster_orange_stained_glass_pane	pane_ctm	-44	100	-38
958	chipped:raster_pink_stained_glass	ctm	-42	100	-38
959	chipped:raster_pink_stained_glass_pane	pane_ctm	-40	100	-38
960	chipped:raster_purple_stained_glass	ctm	-38	100	-38
961	chipped:raster_purple_stained_glass_pane	pane_ctm	-36	100	-38
962	chipped:raster_red_stained_glass	ctm	-34	100	-38
963	chipped:raster_red_stained_glass_pane	pane_ctm	-32	100	-38
964	chipped:raster_white_stained_glass	ctm	-30	100	-38
965	chipped:raster_white_stained_glass_pane	pane_ctm	-28	100	-38
966	chipped:raster_yellow_stained_glass	ctm	-26	100	-38
967	chipped:raster_yellow_stained_glass_pane	pane_ctm	-24	100	-38
968	chipped:red_concrete_panel	ctm	-22	100	-38
969	chipped:red_concrete_pillar	pillar	-20	100	-38
970	chipped:red_terracotta_column	pillar	-18	100	-38
971	chipped:red_terracotta_pillar	pillar	-16	100	-38
972	chipped:scaly_mud	ctm	-14	100	-38
973	chipped:scaly_mud_bricks	ctm	-12	100	-38
974	chipped:scaly_packed_mud	ctm	-10	100	-38
975	chipped:simple_amethyst_block_pillar	pillar	-86	100	-36
976	chipped:simple_ancient_debris_pillar	pillar	-84	100	-36
977	chipped:simple_andesite_pillar	pillar	-82	100	-36
978	chipped:simple_basalt_pillar	pillar	-80	100	-36
979	chipped:simple_blackstone_pillar	pillar	-78	100	-36
980	chipped:simple_blue_ice_pillar	pillar	-76	100	-36
981	chipped:simple_borderless_bricks_pillar	pillar	-74	100	-36
982	chipped:simple_bricks_pillar	pillar	-72	100	-36
983	chipped:simple_calcite_pillar	pillar	-70	100	-36
984	chipped:simple_clay_pillar	pillar	-68	100	-36
985	chipped:simple_coal_block_pillar	pillar	-66	100	-36
986	chipped:simple_cobblestone_pillar	pillar	-64	100	-36
987	chipped:simple_crying_obsidian_pillar	pillar	-62	100	-36
988	chipped:simple_dark_prismarine_pillar	pillar	-60	100	-36
989	chipped:simple_deepslate_pillar	pillar	-58	100	-36
990	chipped:simple_diorite_pillar	pillar	-56	100	-36
991	chipped:simple_dirt_pillar	pillar	-54	100	-36
992	chipped:simple_dripstone_block_pillar	pillar	-52	100	-36
993	chipped:simple_end_stone_pillar	pillar	-50	100	-36
994	chipped:simple_gilded_blackstone_pillar	pillar	-48	100	-36
995	chipped:simple_granite_pillar	pillar	-46	100	-36
996	chipped:simple_ice_pillar	pillar	-44	100	-36
997	chipped:simple_lapis_block_pillar	pillar	-42	100	-36
998	chipped:simple_lodestone_pillar	pillar	-40	100	-36
999	chipped:simple_magma_block_pillar	pillar	-38	100	-36
1000	chipped:simple_mossy_cobblestone_pillar	pillar	-36	100	-36
1001	chipped:simple_mossy_stone_bricks_pillar	pillar	-34	100	-36
1002	chipped:simple_mud_bricks_pillar	pillar	-32	100	-36
1003	chipped:simple_mud_pillar	pillar	-30	100	-36
1004	chipped:simple_nether_bricks_pillar	pillar	-28	100	-36
1005	chipped:simple_netherrack_pillar	pillar	-26	100	-36
1006	chipped:simple_obsidian_pillar	pillar	-24	100	-36
1007	chipped:simple_packed_ice_pillar	pillar	-22	100	-36
1008	chipped:simple_packed_mud_pillar	pillar	-20	100	-36
1009	chipped:simple_prismarine_pillar	pillar	-18	100	-36
1010	chipped:simple_purpur_block_pillar	pillar	-16	100	-36
1011	chipped:simple_quartz_block_pillar	pillar	-14	100	-36
1012	chipped:simple_raw_copper_block_pillar	pillar	-12	100	-36
1013	chipped:simple_raw_gold_block_pillar	pillar	-10	100	-36
1014	chipped:simple_raw_iron_block_pillar	pillar	-86	100	-34
1015	chipped:simple_red_nether_bricks_pillar	pillar	-84	100	-34
1016	chipped:simple_red_sandstone_pillar	pillar	-82	100	-34
1017	chipped:simple_redstone_block_pillar	pillar	-80	100	-34
1018	chipped:simple_sandstone_pillar	pillar	-78	100	-34
1019	chipped:simple_smooth_stone_pillar	pillar	-76	100	-34
1020	chipped:simple_snow_block_pillar	pillar	-74	100	-34
1021	chipped:simple_stone_pillar	pillar	-72	100	-34
1022	chipped:simple_tuff_pillar	pillar	-70	100	-34
1023	chipped:small_black_stained_glass	ctm	-68	100	-34
1024	chipped:small_black_stained_glass_pane	pane_ctm	-66	100	-34
1025	chipped:small_black_terracotta_tiles	ctm	-64	100	-34
1026	chipped:small_blue_stained_glass	ctm	-62	100	-34
1027	chipped:small_blue_stained_glass_pane	pane_ctm	-60	100	-34
1028	chipped:small_blue_terracotta_tiles	ctm	-58	100	-34
1029	chipped:small_brown_stained_glass	ctm	-56	100	-34
1030	chipped:small_brown_stained_glass_pane	pane_ctm	-54	100	-34
1031	chipped:small_brown_terracotta_tiles	ctm	-52	100	-34
1032	chipped:small_cyan_stained_glass	ctm	-50	100	-34
1033	chipped:small_cyan_stained_glass_pane	pane_ctm	-48	100	-34
1034	chipped:small_cyan_terracotta_tiles	ctm	-46	100	-34
1035	chipped:small_diamond_leaded_glass	ctm	-44	100	-34
1036	chipped:small_diamond_leaded_glass_pane	pane_ctm	-42	100	-34
1037	chipped:small_gray_stained_glass	ctm	-40	100	-34
1038	chipped:small_gray_stained_glass_pane	pane_ctm	-38	100	-34
1039	chipped:small_gray_terracotta_tiles	ctm	-36	100	-34
1040	chipped:small_green_stained_glass	ctm	-34	100	-34
1041	chipped:small_green_stained_glass_pane	pane_ctm	-32	100	-34
1042	chipped:small_green_terracotta_tiles	ctm	-30	100	-34
1043	chipped:small_light_blue_stained_glass	ctm	-28	100	-34
1044	chipped:small_light_blue_stained_glass_pane	pane_ctm	-26	100	-34
1045	chipped:small_light_blue_terracotta_tiles	ctm	-24	100	-34
1046	chipped:small_light_gray_stained_glass	ctm	-22	100	-34
1047	chipped:small_light_gray_stained_glass_pane	pane_ctm	-20	100	-34
1048	chipped:small_light_gray_terracotta_tiles	ctm	-18	100	-34
1049	chipped:small_lime_stained_glass	ctm	-16	100	-34
1050	chipped:small_lime_stained_glass_pane	pane_ctm	-14	100	-34
1051	chipped:small_lime_terracotta_tiles	ctm	-12	100	-34
1052	chipped:small_magenta_stained_glass	ctm	-10	100	-34
1053	chipped:small_magenta_stained_glass_pane	pane_ctm	-86	100	-32
1054	chipped:small_magenta_terracotta_tiles	ctm	-84	100	-32
1055	chipped:small_orange_stained_glass	ctm	-82	100	-32
1056	chipped:small_orange_stained_glass_pane	pane_ctm	-80	100	-32
1057	chipped:small_orange_terracotta_tiles	ctm	-78	100	-32
1058	chipped:small_pink_stained_glass	ctm	-76	100	-32
1059	chipped:small_pink_stained_glass_pane	pane_ctm	-74	100	-32
1060	chipped:small_pink_terracotta_tiles	ctm	-72	100	-32
1061	chipped:small_purple_stained_glass	ctm	-70	100	-32
1062	chipped:small_purple_stained_glass_pane	pane_ctm	-68	100	-32
1063	chipped:small_purple_terracotta_tiles	ctm	-66	100	-32
1064	chipped:small_red_stained_glass	ctm	-64	100	-32
1065	chipped:small_red_stained_glass_pane	pane_ctm	-62	100	-32
1066	chipped:small_red_terracotta_tiles	ctm	-60	100	-32
1067	chipped:small_terracotta_tiles	ctm	-58	100	-32
1068	chipped:small_white_stained_glass	ctm	-56	100	-32
1069	chipped:small_white_stained_glass_pane	pane_ctm	-54	100	-32
1070	chipped:small_white_terracotta_tiles	ctm	-52	100	-32
1071	chipped:small_yellow_stained_glass	ctm	-50	100	-32
1072	chipped:small_yellow_stained_glass_pane	pane_ctm	-48	100	-32
1073	chipped:small_yellow_terracotta_tiles	ctm	-46	100	-32
1074	chipped:smooth_amethyst_block_column	ctm	-44	100	-32
1075	chipped:smooth_ancient_debris_column	ctm	-42	100	-32
1076	chipped:smooth_andesite_column	ctm	-40	100	-32
1077	chipped:smooth_basalt_column	ctm	-38	100	-32
1078	chipped:smooth_black_concrete	ctm	-36	100	-32
1079	chipped:smooth_blackstone_column	ctm	-34	100	-32
1080	chipped:smooth_blue_concrete	ctm	-32	100	-32
1081	chipped:smooth_blue_ice_column	ctm	-30	100	-32
1082	chipped:smooth_borderless_bricks_column	ctm	-28	100	-32
1083	chipped:smooth_bricks_column	ctm	-26	100	-32
1084	chipped:smooth_brown_concrete	ctm	-24	100	-32
1085	chipped:smooth_calcite_column	ctm	-22	100	-32
1086	chipped:smooth_clay_column	ctm	-20	100	-32
1087	chipped:smooth_coal_block_column	ctm	-18	100	-32
1088	chipped:smooth_cobblestone_column	ctm	-16	100	-32
1089	chipped:smooth_crying_obsidian_column	ctm	-14	100	-32
1090	chipped:smooth_cyan_concrete	ctm	-12	100	-32
1091	chipped:smooth_dark_prismarine_column	ctm	-10	100	-32
1092	chipped:smooth_deepslate_column	ctm	-86	100	-30
1093	chipped:smooth_diorite_column	ctm	-84	100	-30
1094	chipped:smooth_dirt_column	ctm	-82	100	-30
1095	chipped:smooth_dripstone_block_column	ctm	-80	100	-30
1096	chipped:smooth_end_stone_column	ctm	-78	100	-30
1097	chipped:smooth_gilded_blackstone_column	ctm	-76	100	-30
1098	chipped:smooth_granite_column	ctm	-74	100	-30
1099	chipped:smooth_gray_concrete	ctm	-72	100	-30
1100	chipped:smooth_green_concrete	ctm	-70	100	-30
1101	chipped:smooth_ice_column	ctm	-68	100	-30
1102	chipped:smooth_lapis_block_column	ctm	-66	100	-30
1103	chipped:smooth_light_blue_concrete	ctm	-64	100	-30
1104	chipped:smooth_light_gray_concrete	ctm	-62	100	-30
1105	chipped:smooth_lime_concrete	ctm	-60	100	-30
1106	chipped:smooth_lodestone_column	ctm	-58	100	-30
1107	chipped:smooth_magenta_concrete	ctm	-56	100	-30
1108	chipped:smooth_magma_block_column	ctm	-54	100	-30
1109	chipped:smooth_mossy_cobblestone_column	ctm	-52	100	-30
1110	chipped:smooth_mossy_stone_bricks_column	ctm	-50	100	-30
1111	chipped:smooth_nether_bricks_column	ctm	-48	100	-30
1112	chipped:smooth_netherrack_column	ctm	-46	100	-30
1113	chipped:smooth_obsidian_column	ctm	-44	100	-30
1114	chipped:smooth_orange_concrete	ctm	-42	100	-30
1115	chipped:smooth_packed_ice_column	ctm	-40	100	-30
1116	chipped:smooth_pink_concrete	ctm	-38	100	-30
1117	chipped:smooth_prismarine_column	ctm	-36	100	-30
1118	chipped:smooth_purple_concrete	ctm	-34	100	-30
1119	chipped:smooth_purpur_block_column	ctm	-32	100	-30
1120	chipped:smooth_quartz_block_column	ctm	-30	100	-30
1121	chipped:smooth_raw_copper_block_column	ctm	-28	100	-30
1122	chipped:smooth_raw_gold_block_column	ctm	-26	100	-30
1123	chipped:smooth_raw_iron_block_column	ctm	-24	100	-30
1124	chipped:smooth_red_concrete	ctm	-22	100	-30
1125	chipped:smooth_red_nether_bricks_column	ctm	-20	100	-30
1126	chipped:smooth_red_sandstone_column	ctm	-18	100	-30
1127	chipped:smooth_redstone_block_column	ctm	-16	100	-30
1128	chipped:smooth_sandstone_column	ctm	-14	100	-30
1129	chipped:smooth_smooth_stone_column	ctm	-12	100	-30
1130	chipped:smooth_snow_block_column	ctm	-10	100	-30
1131	chipped:smooth_stone_column	ctm	-86	100	-28
1132	chipped:smooth_tuff_column	ctm	-84	100	-28
1133	chipped:smooth_white_concrete	ctm	-82	100	-28
1134	chipped:smooth_yellow_concrete	ctm	-80	100	-28
1135	chipped:spruce_planks_panel	ctm	-78	100	-28
1136	chipped:square_oak_glass	ctm	-76	100	-28
1137	chipped:square_oak_glass_pane	pane_ctm	-74	100	-28
1138	chipped:starry_black_terracotta	giant	-72	100	-28
1139	chipped:starry_blue_terracotta	giant	-70	100	-28
1140	chipped:starry_brown_terracotta	giant	-68	100	-28
1141	chipped:starry_cyan_terracotta	giant	-66	100	-28
1142	chipped:starry_gray_terracotta	giant	-64	100	-28
1143	chipped:starry_green_terracotta	giant	-62	100	-28
1144	chipped:starry_light_blue_terracotta	giant	-60	100	-28
1145	chipped:starry_light_gray_terracotta	giant	-58	100	-28
1146	chipped:starry_lime_terracotta	giant	-56	100	-28
1147	chipped:starry_magenta_terracotta	giant	-54	100	-28
1148	chipped:starry_orange_terracotta	giant	-52	100	-28
1149	chipped:starry_pink_terracotta	giant	-50	100	-28
1150	chipped:starry_purple_terracotta	giant	-48	100	-28
1151	chipped:starry_red_terracotta	giant	-46	100	-28
1152	chipped:starry_terracotta	giant	-44	100	-28
1153	chipped:starry_white_terracotta	giant	-42	100	-28
1154	chipped:starry_yellow_terracotta	giant	-40	100	-28
1155	chipped:striped_black_concrete	ctm	-38	100	-28
1156	chipped:striped_blue_concrete	ctm	-36	100	-28
1157	chipped:striped_brown_concrete	ctm	-34	100	-28
1158	chipped:striped_cyan_concrete	ctm	-32	100	-28
1159	chipped:striped_gray_concrete	ctm	-30	100	-28
1160	chipped:striped_green_concrete	ctm	-28	100	-28
1161	chipped:striped_light_blue_concrete	ctm	-26	100	-28
1162	chipped:striped_light_gray_concrete	ctm	-24	100	-28
1163	chipped:striped_lime_concrete	ctm	-22	100	-28
1164	chipped:striped_magenta_concrete	ctm	-20	100	-28
1165	chipped:striped_orange_concrete	ctm	-18	100	-28
1166	chipped:striped_pink_concrete	ctm	-16	100	-28
1167	chipped:striped_purple_concrete	ctm	-14	100	-28
1168	chipped:striped_red_concrete	ctm	-12	100	-28
1169	chipped:striped_white_concrete	ctm	-10	100	-28
1170	chipped:striped_yellow_concrete	ctm	-86	100	-26
1171	chipped:terracotta_column	pillar	-84	100	-26
1172	chipped:terracotta_pillar	pillar	-82	100	-26
1173	chipped:thick_inlayed_amethyst_block	ctm	-80	100	-26
1174	chipped:thick_inlayed_ancient_debris	ctm	-78	100	-26
1175	chipped:thick_inlayed_andesite	ctm	-76	100	-26
1176	chipped:thick_inlayed_basalt	ctm	-74	100	-26
1177	chipped:thick_inlayed_blackstone	ctm	-72	100	-26
1178	chipped:thick_inlayed_blue_ice	ctm	-70	100	-26
1179	chipped:thick_inlayed_borderless_bricks	ctm	-68	100	-26
1180	chipped:thick_inlayed_bricks	ctm	-66	100	-26
1181	chipped:thick_inlayed_calcite	ctm	-64	100	-26
1182	chipped:thick_inlayed_clay	ctm	-62	100	-26
1183	chipped:thick_inlayed_coal_block	ctm	-60	100	-26
1184	chipped:thick_inlayed_cobblestone	ctm	-58	100	-26
1185	chipped:thick_inlayed_crying_obsidian	ctm	-56	100	-26
1186	chipped:thick_inlayed_dark_prismarine	ctm	-54	100	-26
1187	chipped:thick_inlayed_deepslate	ctm	-52	100	-26
1188	chipped:thick_inlayed_diorite	ctm	-50	100	-26
1189	chipped:thick_inlayed_dirt	ctm	-48	100	-26
1190	chipped:thick_inlayed_dripstone_block	ctm	-46	100	-26
1191	chipped:thick_inlayed_end_stone	ctm	-44	100	-26
1192	chipped:thick_inlayed_gilded_blackstone	ctm	-42	100	-26
1193	chipped:thick_inlayed_granite	ctm	-40	100	-26
1194	chipped:thick_inlayed_ice	ctm	-38	100	-26
1195	chipped:thick_inlayed_lapis_block	ctm	-36	100	-26
1196	chipped:thick_inlayed_lodestone	ctm	-34	100	-26
1197	chipped:thick_inlayed_magma_block	ctm	-32	100	-26
1198	chipped:thick_inlayed_mossy_cobblestone	ctm	-30	100	-26
1199	chipped:thick_inlayed_mossy_stone_bricks	ctm	-28	100	-26
1200	chipped:thick_inlayed_nether_bricks	ctm	-26	100	-26
1201	chipped:thick_inlayed_netherrack	ctm	-24	100	-26
1202	chipped:thick_inlayed_obsidian	ctm	-22	100	-26
1203	chipped:thick_inlayed_packed_ice	ctm	-20	100	-26
1204	chipped:thick_inlayed_prismarine	ctm	-18	100	-26
1205	chipped:thick_inlayed_purpur_block	ctm	-16	100	-26
1206	chipped:thick_inlayed_quartz_block	ctm	-14	100	-26
1207	chipped:thick_inlayed_raw_copper_block	ctm	-12	100	-26
1208	chipped:thick_inlayed_raw_gold_block	ctm	-10	100	-26
1209	chipped:thick_inlayed_raw_iron_block	ctm	-86	100	-24
1210	chipped:thick_inlayed_red_nether_bricks	ctm	-84	100	-24
1211	chipped:thick_inlayed_red_sandstone	ctm	-82	100	-24
1212	chipped:thick_inlayed_redstone_block	ctm	-80	100	-24
1213	chipped:thick_inlayed_sandstone	ctm	-78	100	-24
1214	chipped:thick_inlayed_smooth_stone	ctm	-76	100	-24
1215	chipped:thick_inlayed_snow_block	ctm	-74	100	-24
1216	chipped:thick_inlayed_stone	ctm	-72	100	-24
1217	chipped:thick_inlayed_tuff	ctm	-70	100	-24
1218	chipped:tied_bamboo_planks	ctm	-68	100	-24
1219	chipped:tiled_amethyst_block_column	ctm	-66	100	-24
1220	chipped:tiled_ancient_debris_column	ctm	-64	100	-24
1221	chipped:tiled_andesite_column	ctm	-62	100	-24
1222	chipped:tiled_basalt_column	ctm	-60	100	-24
1223	chipped:tiled_black_stained_glass	ctm	-58	100	-24
1224	chipped:tiled_black_stained_glass_pane	pane_ctm	-56	100	-24
1225	chipped:tiled_blackstone_column	ctm	-54	100	-24
1226	chipped:tiled_blue_ice_column	ctm	-52	100	-24
1227	chipped:tiled_blue_stained_glass	ctm	-50	100	-24
1228	chipped:tiled_blue_stained_glass_pane	pane_ctm	-48	100	-24
1229	chipped:tiled_bordered_amethyst_block	ctm	-46	100	-24
1230	chipped:tiled_bordered_ancient_debris	ctm	-44	100	-24
1231	chipped:tiled_bordered_andesite	ctm	-42	100	-24
1232	chipped:tiled_bordered_basalt	ctm	-40	100	-24
1233	chipped:tiled_bordered_blackstone	ctm	-38	100	-24
1234	chipped:tiled_bordered_blue_ice	ctm	-36	100	-24
1235	chipped:tiled_bordered_borderless_bricks	ctm	-34	100	-24
1236	chipped:tiled_bordered_bricks	ctm	-32	100	-24
1237	chipped:tiled_bordered_calcite	ctm	-30	100	-24
1238	chipped:tiled_bordered_clay	ctm	-28	100	-24
1239	chipped:tiled_bordered_coal_block	ctm	-26	100	-24
1240	chipped:tiled_bordered_cobblestone	ctm	-24	100	-24
1241	chipped:tiled_bordered_crying_obsidian	ctm	-22	100	-24
1242	chipped:tiled_bordered_dark_prismarine	ctm	-20	100	-24
1243	chipped:tiled_bordered_deepslate	ctm	-18	100	-24
1244	chipped:tiled_bordered_diorite	ctm	-16	100	-24
1245	chipped:tiled_bordered_dirt	ctm	-14	100	-24
1246	chipped:tiled_bordered_dripstone_block	ctm	-12	100	-24
1247	chipped:tiled_bordered_end_stone	ctm	-10	100	-24
1248	chipped:tiled_bordered_gilded_blackstone	ctm	-86	100	-22
1249	chipped:tiled_bordered_granite	ctm	-84	100	-22
1250	chipped:tiled_bordered_ice	ctm	-82	100	-22
1251	chipped:tiled_bordered_lapis_block	ctm	-80	100	-22
1252	chipped:tiled_bordered_lodestone	ctm	-78	100	-22
1253	chipped:tiled_bordered_magma_block	ctm	-76	100	-22
1254	chipped:tiled_bordered_mossy_cobblestone	ctm	-74	100	-22
1255	chipped:tiled_bordered_mossy_stone_bricks	ctm	-72	100	-22
1256	chipped:tiled_bordered_mud	ctm	-70	100	-22
1257	chipped:tiled_bordered_mud_bricks	ctm	-68	100	-22
1258	chipped:tiled_bordered_nether_bricks	ctm	-66	100	-22
1259	chipped:tiled_bordered_netherrack	ctm	-64	100	-22
1260	chipped:tiled_bordered_obsidian	ctm	-62	100	-22
1261	chipped:tiled_bordered_packed_ice	ctm	-60	100	-22
1262	chipped:tiled_bordered_packed_mud	ctm	-58	100	-22
1263	chipped:tiled_bordered_prismarine	ctm	-56	100	-22
1264	chipped:tiled_bordered_purpur_block	ctm	-54	100	-22
1265	chipped:tiled_bordered_quartz_block	ctm	-52	100	-22
1266	chipped:tiled_bordered_raw_copper_block	ctm	-50	100	-22
1267	chipped:tiled_bordered_raw_gold_block	ctm	-48	100	-22
1268	chipped:tiled_bordered_raw_iron_block	ctm	-46	100	-22
1269	chipped:tiled_bordered_red_nether_bricks	ctm	-44	100	-22
1270	chipped:tiled_bordered_red_sandstone	ctm	-42	100	-22
1271	chipped:tiled_bordered_redstone_block	ctm	-40	100	-22
1272	chipped:tiled_bordered_sandstone	ctm	-38	100	-22
1273	chipped:tiled_bordered_smooth_stone	ctm	-36	100	-22
1274	chipped:tiled_bordered_snow_block	ctm	-34	100	-22
1275	chipped:tiled_bordered_stone	ctm	-32	100	-22
1276	chipped:tiled_bordered_tuff	ctm	-30	100	-22
1277	chipped:tiled_borderless_bricks_column	ctm	-28	100	-22
1278	chipped:tiled_bricks_column	ctm	-26	100	-22
1279	chipped:tiled_brown_stained_glass	ctm	-24	100	-22
1280	chipped:tiled_brown_stained_glass_pane	pane_ctm	-22	100	-22
1281	chipped:tiled_calcite_column	ctm	-20	100	-22
1282	chipped:tiled_clay_column	ctm	-18	100	-22
1283	chipped:tiled_coal_block_column	ctm	-16	100	-22
1284	chipped:tiled_cobblestone_column	ctm	-14	100	-22
1285	chipped:tiled_crying_obsidian_column	ctm	-12	100	-22
1286	chipped:tiled_cyan_stained_glass	ctm	-10	100	-22
1287	chipped:tiled_cyan_stained_glass_pane	pane_ctm	-86	100	-20
1288	chipped:tiled_dark_prismarine_column	ctm	-84	100	-20
1289	chipped:tiled_deepslate_column	ctm	-82	100	-20
1290	chipped:tiled_diorite_column	ctm	-80	100	-20
1291	chipped:tiled_dirt_column	ctm	-78	100	-20
1292	chipped:tiled_dripstone_block_column	ctm	-76	100	-20
1293	chipped:tiled_end_stone_column	ctm	-74	100	-20
1294	chipped:tiled_gilded_blackstone_column	ctm	-72	100	-20
1295	chipped:tiled_granite_column	ctm	-70	100	-20
1296	chipped:tiled_gray_stained_glass	ctm	-68	100	-20
1297	chipped:tiled_gray_stained_glass_pane	pane_ctm	-66	100	-20
1298	chipped:tiled_green_stained_glass	ctm	-64	100	-20
1299	chipped:tiled_green_stained_glass_pane	pane_ctm	-62	100	-20
1300	chipped:tiled_ice_column	ctm	-60	100	-20
1301	chipped:tiled_lapis_block_column	ctm	-58	100	-20
1302	chipped:tiled_light_blue_stained_glass	ctm	-56	100	-20
1303	chipped:tiled_light_blue_stained_glass_pane	pane_ctm	-54	100	-20
1304	chipped:tiled_light_gray_stained_glass	ctm	-52	100	-20
1305	chipped:tiled_light_gray_stained_glass_pane	pane_ctm	-50	100	-20
1306	chipped:tiled_lime_stained_glass	ctm	-48	100	-20
1307	chipped:tiled_lime_stained_glass_pane	pane_ctm	-46	100	-20
1308	chipped:tiled_lodestone_column	ctm	-44	100	-20
1309	chipped:tiled_magenta_stained_glass	ctm	-42	100	-20
1310	chipped:tiled_magenta_stained_glass_pane	pane_ctm	-40	100	-20
1311	chipped:tiled_magma_block_column	ctm	-38	100	-20
1312	chipped:tiled_mossy_cobblestone_column	ctm	-36	100	-20
1313	chipped:tiled_mossy_stone_bricks_column	ctm	-34	100	-20
1314	chipped:tiled_mud_bricks_column	ctm	-32	100	-20
1315	chipped:tiled_mud_column	ctm	-30	100	-20
1316	chipped:tiled_nether_bricks_column	ctm	-28	100	-20
1317	chipped:tiled_netherrack_column	ctm	-26	100	-20
1318	chipped:tiled_obsidian_column	ctm	-24	100	-20
1319	chipped:tiled_orange_stained_glass	ctm	-22	100	-20
1320	chipped:tiled_orange_stained_glass_pane	pane_ctm	-20	100	-20
1321	chipped:tiled_packed_ice_column	ctm	-18	100	-20
1322	chipped:tiled_packed_mud_column	ctm	-16	100	-20
1323	chipped:tiled_pink_stained_glass	ctm	-14	100	-20
1324	chipped:tiled_pink_stained_glass_pane	pane_ctm	-12	100	-20
1325	chipped:tiled_prismarine_column	ctm	-10	100	-20
1326	chipped:tiled_purple_stained_glass	ctm	-86	100	-18
1327	chipped:tiled_purple_stained_glass_pane	pane_ctm	-84	100	-18
1328	chipped:tiled_purpur_block_column	ctm	-82	100	-18
1329	chipped:tiled_quartz_block_column	ctm	-80	100	-18
1330	chipped:tiled_raw_copper_block_column	ctm	-78	100	-18
1331	chipped:tiled_raw_gold_block_column	ctm	-76	100	-18
1332	chipped:tiled_raw_iron_block_column	ctm	-74	100	-18
1333	chipped:tiled_red_nether_bricks_column	ctm	-72	100	-18
1334	chipped:tiled_red_sandstone_column	ctm	-70	100	-18
1335	chipped:tiled_red_stained_glass	ctm	-68	100	-18
1336	chipped:tiled_red_stained_glass_pane	pane_ctm	-66	100	-18
1337	chipped:tiled_redstone_block_column	ctm	-64	100	-18
1338	chipped:tiled_sandstone_column	ctm	-62	100	-18
1339	chipped:tiled_smooth_stone_column	ctm	-60	100	-18
1340	chipped:tiled_snow_block_column	ctm	-58	100	-18
1341	chipped:tiled_stone_column	ctm	-56	100	-18
1342	chipped:tiled_tuff_column	ctm	-54	100	-18
1343	chipped:tiled_white_stained_glass	ctm	-52	100	-18
1344	chipped:tiled_white_stained_glass_pane	pane_ctm	-50	100	-18
1345	chipped:tiled_yellow_stained_glass	ctm	-48	100	-18
1346	chipped:tiled_yellow_stained_glass_pane	pane_ctm	-46	100	-18
1347	chipped:tiny_brick_bordered_amethyst_block	ctm	-44	100	-18
1348	chipped:tiny_brick_bordered_ancient_debris	ctm	-42	100	-18
1349	chipped:tiny_brick_bordered_andesite	ctm	-40	100	-18
1350	chipped:tiny_brick_bordered_basalt	ctm	-38	100	-18
1351	chipped:tiny_brick_bordered_blackstone	ctm	-36	100	-18
1352	chipped:tiny_brick_bordered_blue_ice	ctm	-34	100	-18
1353	chipped:tiny_brick_bordered_borderless_bricks	ctm	-32	100	-18
1354	chipped:tiny_brick_bordered_bricks	ctm	-30	100	-18
1355	chipped:tiny_brick_bordered_calcite	ctm	-28	100	-18
1356	chipped:tiny_brick_bordered_clay	ctm	-26	100	-18
1357	chipped:tiny_brick_bordered_coal_block	ctm	-24	100	-18
1358	chipped:tiny_brick_bordered_cobblestone	ctm	-22	100	-18
1359	chipped:tiny_brick_bordered_crying_obsidian	ctm	-20	100	-18
1360	chipped:tiny_brick_bordered_dark_prismarine	ctm	-18	100	-18
1361	chipped:tiny_brick_bordered_deepslate	ctm	-16	100	-18
1362	chipped:tiny_brick_bordered_diorite	ctm	-14	100	-18
1363	chipped:tiny_brick_bordered_dirt	ctm	-12	100	-18
1364	chipped:tiny_brick_bordered_dripstone_block	ctm	-10	100	-18
1365	chipped:tiny_brick_bordered_end_stone	ctm	-86	100	-16
1366	chipped:tiny_brick_bordered_gilded_blackstone	ctm	-84	100	-16
1367	chipped:tiny_brick_bordered_granite	ctm	-82	100	-16
1368	chipped:tiny_brick_bordered_ice	ctm	-80	100	-16
1369	chipped:tiny_brick_bordered_lapis_block	ctm	-78	100	-16
1370	chipped:tiny_brick_bordered_lodestone	ctm	-76	100	-16
1371	chipped:tiny_brick_bordered_magma_block	ctm	-74	100	-16
1372	chipped:tiny_brick_bordered_mossy_cobblestone	ctm	-72	100	-16
1373	chipped:tiny_brick_bordered_mossy_stone_bricks	ctm	-70	100	-16
1374	chipped:tiny_brick_bordered_nether_bricks	ctm	-68	100	-16
1375	chipped:tiny_brick_bordered_netherrack	ctm	-66	100	-16
1376	chipped:tiny_brick_bordered_obsidian	ctm	-64	100	-16
1377	chipped:tiny_brick_bordered_packed_ice	ctm	-62	100	-16
1378	chipped:tiny_brick_bordered_prismarine	ctm	-60	100	-16
1379	chipped:tiny_brick_bordered_purpur_block	ctm	-58	100	-16
1380	chipped:tiny_brick_bordered_quartz_block	ctm	-56	100	-16
1381	chipped:tiny_brick_bordered_raw_copper_block	ctm	-54	100	-16
1382	chipped:tiny_brick_bordered_raw_gold_block	ctm	-52	100	-16
1383	chipped:tiny_brick_bordered_raw_iron_block	ctm	-50	100	-16
1384	chipped:tiny_brick_bordered_red_nether_bricks	ctm	-48	100	-16
1385	chipped:tiny_brick_bordered_red_sandstone	ctm	-46	100	-16
1386	chipped:tiny_brick_bordered_redstone_block	ctm	-44	100	-16
1387	chipped:tiny_brick_bordered_sandstone	ctm	-42	100	-16
1388	chipped:tiny_brick_bordered_smooth_stone	ctm	-40	100	-16
1389	chipped:tiny_brick_bordered_snow_block	ctm	-38	100	-16
1390	chipped:tiny_brick_bordered_stone	ctm	-36	100	-16
1391	chipped:tiny_brick_bordered_tuff	ctm	-34	100	-16
1392	chipped:warped_planks_panel	ctm	-32	100	-16
1393	chipped:whirlwind_acacia_planks	ctm	-30	100	-16
1394	chipped:whirlwind_bamboo_planks	ctm	-28	100	-16
1395	chipped:whirlwind_birch_planks	ctm	-26	100	-16
1396	chipped:whirlwind_cherry_planks	ctm	-24	100	-16
1397	chipped:whirlwind_crimson_planks	ctm	-22	100	-16
1398	chipped:whirlwind_dark_oak_planks	ctm	-20	100	-16
1399	chipped:whirlwind_jungle_planks	ctm	-18	100	-16
1400	chipped:whirlwind_oak_planks	ctm	-16	100	-16
1401	chipped:whirlwind_spruce_planks	ctm	-14	100	-16
1402	chipped:whirlwind_warped_planks	ctm	-12	100	-16
1403	chipped:white_concrete_panel	ctm	-10	100	-16
1404	chipped:white_concrete_pillar	pillar	-86	100	-14
1405	chipped:white_terracotta_column	pillar	-84	100	-14
1406	chipped:white_terracotta_pillar	pillar	-82	100	-14
1407	chipped:wired_black_concrete	ctm	-80	100	-14
1408	chipped:wired_blue_concrete	ctm	-78	100	-14
1409	chipped:wired_brown_concrete	ctm	-76	100	-14
1410	chipped:wired_cyan_concrete	ctm	-74	100	-14
1411	chipped:wired_gray_concrete	ctm	-72	100	-14
1412	chipped:wired_green_concrete	ctm	-70	100	-14
1413	chipped:wired_light_blue_concrete	ctm	-68	100	-14
1414	chipped:wired_light_gray_concrete	ctm	-66	100	-14
1415	chipped:wired_lime_concrete	ctm	-64	100	-14
1416	chipped:wired_magenta_concrete	ctm	-62	100	-14
1417	chipped:wired_orange_concrete	ctm	-60	100	-14
1418	chipped:wired_pink_concrete	ctm	-58	100	-14
1419	chipped:wired_purple_concrete	ctm	-56	100	-14
1420	chipped:wired_red_concrete	ctm	-54	100	-14
1421	chipped:wired_white_concrete	ctm	-52	100	-14
1422	chipped:wired_yellow_concrete	ctm	-50	100	-14
1423	chipped:yellow_concrete_panel	ctm	-48	100	-14
1424	chipped:yellow_concrete_pillar	pillar	-46	100	-14
1425	chipped:yellow_terracotta_column	pillar	-44	100	-14
1426	chipped:yellow_terracotta_pillar	pillar	-42	100	-14
